ra,dec,objID,raMean,decMean,nDetections,ng,nr,ni,nz,ny,gMeanPSFMag,gMeanPSFMagErr,gMeanPSFMagStd,rMeanPSFMag,rMeanPSFMagErr,rMeanPSFMagStd,iMeanPSFMag,iMeanPSFMagErr,iMeanPSFMagStd,zMeanPSFMag,zMeanPSFMagErr,zMeanPSFMagStd,yMeanPSFMag,yMeanPSFMagErr,yMeanPSFMagStd
1.4680833,-0.1154999,107860014680551784,1.46810382,-0.11548282,12,0,0,0,11,1,-999,-999,-999,-999,-999,-999,-999,-999,-999,20.4764003753662,0.0542399995028973,0.172089993953705,20.1186008453369,0.186352998018265,-999
2.10739,-6.43456,100270021074508887,2.10741573,-6.43460422,14,0,0,0,13,1,-999,-999,-999,-999,-999,-999,-999,-999,-999,20.324499130249,0.0700040012598038,0.162679001688957,20.4398994445801,0.169828996062279,-999
2.2142917,36.2704138,151520022142965162,2.21427862,36.27045236,50,0,5,20,13,12,-999,-999,-999,21.4438991546631,0.0905359983444214,0.172107994556427,19.6599006652832,0.0104160001501441,0.0629770010709763,19.4922008514404,0.0242159999907017,0.122134998440742,19.2339992523193,0.0249439999461174,0.0887940004467964
2.37870183,32.87026179,147440023786934920,2.37872938,32.87021586,3,0,0,0,3,0,-999,-999,-999,-999,-999,-999,-999,-999,-999,21.033899307251,0.198764994740486,0.288556009531021,-999,-999,-999
3.136999,36.5378055,151840031370315952,3.13704995,36.53779217,50,0,2,17,15,16,-999,-999,-999,22.2576999664307,0.102023996412754,0.202404007315636,19.8803997039795,0.00712200021371245,0.0346870012581348,19.3349990844727,0.0219710003584623,0.100077003240585,19.2541007995605,0.0225649997591972,0.088968999683857
4.3111666,-10.01539722,95980043111231908,4.31113121,-10.01539612,59,0,21,13,16,9,-999,-999,-999,21.3285007476807,0.034341998398304,0.156526997685432,19.5669002532959,0.00624600006267428,0.0502130016684532,19.6245994567871,0.0269399993121624,0.0845630019903183,19.3363990783691,0.0230999998748302,0.0708779990673065
4.39361347,17.08630447,128500043936584050,4.39364398,17.08628969,6,0,0,0,6,0,-999,-999,-999,-999,-999,-999,-999,-999,-999,20.7898006439209,0.1353639960289,0.227463006973267,-999,-999,-999
4.81408,-24.29916,78840048140061267,4.8141121,-24.29921426,17,0,0,0,7,10,-999,-999,-999,-999,-999,-999,-999,-999,-999,19.6758003234863,0.0524570010602474,0.191848993301392,19.4762001037598,0.0559960007667542,0.205237001180649
5.8777916,-0.3101111,107620058777758234,5.87779373,-0.31014704,17,0,1,8,8,0,-999,-999,-999,22.0475006103516,0.194551005959511,-999,21.0370998382568,0.0618919990956783,0.261626005172729,20.5480995178223,0.0521200001239777,0.143013998866081,-999,-999,-999
6.12404166,39.22193055,155060061239526935,6.12403817,39.22194558,4,0,0,0,0,4,-999,-999,-999,-999,-999,-999,-999,-999,-999,-999,-999,-999,19.9533996582031,0.144825994968414,0.231040000915527
6.3618333,-1.7590306,105880063617749644,6.36180792,-1.759031,70,2,20,18,14,16,22.2120990753174,0.00289999996311963,0.00410600006580353,19.757999420166,0.0226509999483824,0.0612379983067513,18.1322002410889,0.00436800019815564,0.0129720000550151,18.0396003723145,0.00606000004336238,0.0199319999665022,17.9265003204346,0.0065399999730289,0.0457580015063286
7.02733292,4.95712319,113940070274369002,7.02736875,4.95705449,19,0,0,0,14,5,-999,-999,-999,-999,-999,-999,-999,-999,-999,20.4074993133545,0.0350809991359711,0.14596800506115,19.7334995269775,0.246840000152588,0.433068007230759
7.85774999,7.1769222,116610078578392809,7.85781392,7.17692602,46,0,2,25,15,4,-999,-999,-999,21.8754005432129,0.212779000401497,0.318980008363724,20.3843002319336,0.0220350008457899,0.192901000380516,20.2057991027832,0.0439920015633106,0.173384994268417,20.0170001983643,0.0917529985308647,0.146448999643326
8.559792,37.9983333,153590085596898687,8.55979146,37.99833264,23,0,0,5,14,4,-999,-999,-999,-999,-999,-999,21.4936008453369,0.0534159988164902,0.122580997645855,19.8691005706787,0.0557879991829395,0.26739901304245,19.9813003540039,0.0376599989831448,0.0746840015053749
9.35732902,-8.11901741,98250093574017623,9.35734424,-8.11904744,20,0,0,5,10,5,-999,-999,-999,-999,-999,-999,21.9304008483887,0.0380030013620853,0.101627998054028,20.0377006530762,0.0254360008984804,0.165610998868942,20.1341991424561,0.13764800131321,0.210182994604111
9.73550794,-10.4316386,95480097355832421,9.73549544,-10.43165405,14,0,0,0,9,5,-999,-999,-999,-999,-999,-999,-999,-999,-999,20.7516994476318,0.0829849988222122,0.232925996184349,20.2980995178223,0.113486997783184,0.29381400346756
12.52777099,34.75601483,149700125277227904,12.52777034,34.75600267,8,0,0,0,6,2,-999,-999,-999,-999,-999,-999,-999,-999,-999,20.8826007843018,0.0900060012936592,0.230091005563736,20.2779006958008,0.0532039999961853,0.0754989981651306
13.5892499,-1.156,106610135892573229,13.58929194,-1.15602476,31,0,11,9,6,5,-999,-999,-999,21.4985008239746,0.05519799888134,0.200590997934341,20.0564994812012,0.0174279995262623,0.0778139978647232,19.7404003143311,0.0192789994180202,0.0531999990344048,19.5984001159668,0.0409599989652634,0.123538002371788
14.233499,22.6867111,135220142334554617,14.23353288,22.68670071,33,0,0,20,11,2,-999,-999,-999,-999,-999,-999,21.1016006469727,0.0308829993009567,0.118233002722263,20.1860008239746,0.0479380004107952,0.184238001704216,20.0825004577637,0.0958179980516434,0.189968004822731
15.05426347,28.04053195,141640150542609209,15.05427474,28.04050334,40,0,0,13,13,14,26.1000003814697,-999,-999,23.2040004730225,-999,-999,20.9120006561279,0.0261390004307032,0.14206400513649,18.7350997924805,0.00651099998503923,0.0224479995667934,17.736400604248,0.00637600012123585,0.0392800010740757
15.05426347,28.04053195,141640150545779011,15.05452886,28.04027316,2,1,0,0,1,0,22.252799987793,0.209883004426956,-999,-999,-999,-999,-999,-999,-999,20.3596992492676,0.127933993935585,-999,-999,-999,-999
17.0274999,7.18905555,116620170274957651,17.02743623,7.1892367,57,0,4,24,18,11,-999,-999,-999,22.1296005249023,0.117164999246597,0.300987005233765,20.2907009124756,0.00947100017219782,0.0571709983050823,19.4169998168945,0.019353000447154,0.0863849967718124,19.3048992156982,0.0589080005884171,0.125430002808571
17.1248333,-1.0043333,106790171247114923,17.12481944,-1.00440423,7,0,0,7,0,0,-999,-999,-999,-999,-999,-999,21.8199005126953,0.0668840035796165,0.165810003876686,-999,-999,-999,-999,-999,-999
18.4739583,5.99752777,115190184739607500,18.4740023,5.99753694,29,0,2,16,10,1,-999,-999,-999,22.1406993865967,0.0935079976916313,0.132243007421494,20.7481002807617,0.0362819992005825,0.140157997608185,20.5223007202148,0.0434609986841679,0.200003996491432,19.8320007324219,0.167279005050659,-999
18.729625,32.6378694,147160187296075997,18.72961223,32.63787106,37,0,7,11,13,6,-999,-999,-999,21.87380027771,0.0904309973120689,0.217640995979309,20.8012008666992,0.0619990006089211,0.190246000885963,20.0907001495361,0.0256549995392561,0.0918280035257339,19.7919998168945,0.224215999245644,0.284382998943329
18.9365833,0.2541388,108300189365595362,18.93658422,0.25414194,14,0,0,10,4,0,-999,-999,-999,-999,-999,-999,21.3115997314453,0.0422660000622272,0.123421996831894,20.8465003967285,0.116871997714043,0.167648002505302,-999,-999,-999
18.94279165,-2.8867333,104530189427376396,18.94279662,-2.88673464,50,0,10,19,14,7,-999,-999,-999,21.8514003753662,0.0761160030961037,0.197472006082535,20.0510005950928,0.0127750001847744,0.0615449994802475,19.824499130249,0.0274250004440546,0.10657200217247,19.4608001708984,0.0556310005486012,0.246106997132301
19.0595833,5.6382499,114760190595766345,19.05960626,5.63821583,56,0,6,29,10,11,-999,-999,-999,21.5673007965088,0.0651739984750748,0.208121001720428,19.8125991821289,0.0128429997712374,0.080986000597477,19.2940006256104,0.0143349999561906,0.0691429972648621,19.1107997894287,0.0624199993908405,0.151444002985954
20.224708,21.7850555,134140202246582664,20.22466399,21.78512299,33,0,0,16,11,6,-999,-999,-999,-999,-999,-999,20.6009998321533,0.0238639991730452,0.10801599919796,20.1205997467041,0.0593010000884533,0.179741993546486,19.9990997314453,0.0669019967317581,0.155249997973442
21.42133775,-25.88228802,76940214213231560,21.42135913,-25.88231141,12,0,0,0,9,3,-999,-999,-999,-999,-999,-999,-999,-999,-999,19.6448001861572,0.0522250011563301,0.144550994038582,19.4650001525879,0.113222002983093,0.228919997811317
22.281,-0.4793055,107420222809685261,22.28104353,-0.47932576,12,0,0,10,2,0,-999,-999,-999,-999,-999,-999,21.5979995727539,0.0780500024557114,0.254287004470825,21.1578998565674,0.149361997842789,0.212540000677109,-999,-999,-999
22.8639166,-3.3500527,103980228639070366,22.86394799,-3.35002162,60,0,23,18,13,6,27.1110000610352,-999,-999,20.1844005584717,0.0197630003094673,0.0914940014481544,18.488899230957,0.0125059997662902,0.0485929995775223,18.118200302124,0.00540099991485476,0.0264699999243021,17.8938999176025,0.0221190005540848,0.0452079996466637
23.0071,-2.26753,105270230070749384,23.00713367,-2.26755734,16,1,0,0,12,3,21.5450992584229,0.198186993598938,-999,-999,-999,-999,-999,-999,-999,20.275899887085,0.0326739996671677,0.100502997636795,19.8915996551514,0.117746002972126,0.193764001131058
23.3618333,1.11047222,109330233618363086,23.3618116,1.11051629,30,0,0,24,6,0,-999,-999,-999,-999,-999,-999,20.8027992248535,0.0291779991239309,0.131393998861313,20.6320991516113,0.0566430017352104,0.148000001907349,-999,-999,-999
25.23764,-11.68319,93980252376270662,25.2376246,-11.68314727,15,0,0,0,9,6,-999,-999,-999,-999,-999,-999,-999,-999,-999,20.2192993164063,0.0406900011003017,0.128075003623962,19.8442001342773,0.0394640006124973,0.0988209992647171
27.15681283,6.00557339,115200271568277115,27.15681834,6.00554731,28,0,0,1,15,12,-999,-999,-999,-999,-999,-999,21.9164009094238,0.174061000347137,-999,19.5769004821777,0.0265829991549253,0.0986329987645149,19.4195003509521,0.0454370006918907,0.179786995053291
28.8886666,4.2518725,113100288886652725,28.8886529,4.25186559,46,0,5,24,9,8,-999,-999,-999,21.6818008422852,0.0499220006167889,0.153147995471954,20.0345001220703,0.0107960002496839,0.182266995310783,19.576099395752,0.0169820003211498,0.0889260023832321,19.4417991638184,0.0487570017576218,0.162324994802475
29.439375,30.0196333,144020294393074112,29.43937135,30.01961146,41,0,1,17,11,12,-999,-999,-999,22.0450992584229,0.162680998444557,-999,21.13450050354,0.0420409999787807,0.192153006792068,19.3871994018555,0.0144980000331998,0.0414760001003742,19.2259006500244,0.0377320013940334,0.171635001897812
29.51726,-29.08868,73090295172183952,29.51728638,-29.08870071,18,0,0,1,9,8,-999,-999,-999,-999,-999,-999,21.6404991149902,0.161458000540733,-999,19.4953002929688,0.0285049993544817,0.104865998029709,19.3472995758057,0.0483900010585785,0.129424005746841
30.88491549,0.20813044,108250308849400118,30.88495717,0.20811648,7,0,0,0,7,0,-999,-999,-999,-999,-999,-999,-999,-999,-999,20.7418003082275,0.0456320010125637,0.162674993276596,-999,-999,-999
32.0179583,-1.2095277,106540320179318892,32.01793647,-1.20957515,19,0,0,13,5,1,-999,-999,-999,-999,-999,-999,21.3714008331299,0.0513140000402927,0.190229997038841,20.8973999023438,0.0903149992227554,0.253856986761093,20.3185005187988,0.176558002829552,-999
32.7361249,0.0513056,108060327361332088,32.73612766,0.05131111,9,0,0,9,0,0,-999,-999,-999,-999,-999,-999,21.5149002075195,0.0811839997768402,0.221782997250557,-999,-999,-999,-999,-999,-999
33.8469583,-5.49605555,101400338470365087,33.84705691,-5.49611162,29,0,0,17,11,1,-999,-999,-999,-999,-999,-999,21.0454998016357,0.040242999792099,0.178229004144669,20.7828006744385,0.0380889996886253,0.177291005849838,20.3749008178711,0.15947400033474,-999
34.1006666,23.0692972,135680341006153738,34.10066367,23.06929727,30,0,3,10,8,9,-999,-999,-999,21.8307991027832,0.195974007248878,-999,20.1088008880615,0.0335309989750385,0.086218997836113,19.7394008636475,0.0195700004696846,0.0593920014798641,19.4479999542236,0.0636430010199547,0.247235998511314
34.5878333,-0.4626946,107440345877675145,34.58785133,-0.46275643,9,0,0,7,2,0,-999,-999,-999,-999,-999,-999,21.5580005645752,0.0998639985918999,0.305231988430023,21.3623008728027,0.0391159988939762,0.0553219988942146,-999,-999,-999
35.3013333,-3.70877777,103540353012669897,35.30133221,-3.70883996,6,0,0,6,0,0,-999,-999,-999,-999,-999,-999,21.4727001190186,0.0438660010695457,0.108846999704838,-999,-999,-999,-999,-999,-999
35.3025416,-3.7145,103540353024433110,35.30259228,-3.71452936,53,0,13,15,12,13,-999,-999,-999,21.0914993286133,0.0290350001305342,0.112065002322197,19.423999786377,0.00932800024747849,0.0327159985899925,19.5853004455566,0.0368519984185696,0.159188002347946,19.3567008972168,0.0268990006297827,0.118841998279095
36.50780677,3.04983831,111660365078720214,36.50780964,3.04979253,15,0,0,2,3,10,-999,-999,-999,-999,-999,-999,20.8535995483398,0.0337620005011559,0.0495259985327721,21.4845008850098,0.130063995718956,-999,19.3502006530762,0.0448240004479885,0.143582001328468
37.9068333,-7.48177777,99020379068592252,37.90686863,-7.48179816,43,0,7,11,13,12,-999,-999,-999,21.5384006500244,0.0690449997782707,0.193599000573158,19.5216007232666,0.0137980002909899,0.0413010008633137,19.3654003143311,0.0130059998482466,0.0564250014722347,19.1424999237061,0.0367829985916615,0.136981993913651
37.970657,-28.838911,73390379706403567,37.97071334,-28.83893882,8,0,0,0,7,1,-999,-999,-999,-999,-999,-999,-999,-999,-999,20.6562995910645,0.092850998044014,0.216434001922607,20.2462005615234,0.186289995908737,-999
40.01591406,17.54580925,129050400159835507,40.01592743,17.54580522,7,0,0,0,7,0,-999,-999,-999,-999,-999,-999,-999,-999,-999,20.6163997650146,0.0177939999848604,0.132245004177094,-999,-999,-999
40.4705,4.5981833,113510404704868343,40.4704645,4.59822342,59,0,8,23,14,14,-999,-999,-999,21.5468997955322,0.0715489983558655,0.276351988315582,19.8582992553711,0.0181770008057356,0.081044003367424,19.7639999389648,0.0136470003053546,0.0707060024142265,19.4206008911133,0.034230001270771,0.172411993145943
42.66909,-2.91745,104490426691029420,42.66910212,-2.91748535,12,0,0,0,7,5,-999,-999,-999,-999,-999,-999,-999,-999,-999,20.5,0.055902998894453,0.186120003461838,20.3078002929688,0.258506000041962,0.288574010133743
42.8388749,3.5548388,112260428388216350,42.8388764,3.55483494,50,0,6,21,12,11,-999,-999,-999,20.8377990722656,0.045049000531435,0.109893999993801,19.2947998046875,0.013578999787569,0.0454009994864464,19.3080005645752,0.0174519997090101,0.0563419982790947,18.8908004760742,0.0482340008020401,0.0960329994559288
45.184082,-22.540885,80950451840561250,45.18409246,-22.54092119,4,0,0,0,4,0,-999,-999,-999,-999,-999,-999,-999,-999,-999,20.4134006500244,0.0483799986541271,0.139275997877121,-999,-999,-999
45.880833,-0.3202499,107610458808166198,45.88083431,-0.32027385,6,0,0,0,6,0,-999,-999,-999,-999,-999,-999,-999,-999,-999,21.0251007080078,0.076445996761322,0.244241997599602,-999,-999,-999
46.677125,18.8877361,130660466771155805,46.67713156,18.88773116,53,0,12,14,12,15,26.4080009460449,-999,-999,19.8211002349854,0.0234730001538992,0.0677139982581139,17.9535007476807,0.00403199996799231,0.014674000442028,17.4727001190186,0.0135340001434088,0.0466910004615784,17.2987995147705,0.0119190001860261,0.0561430007219315
49.29342829,-26.5543637,76130492933905095,49.29346622,-26.55436653,5,0,0,0,5,0,-999,-999,-999,-999,-999,-999,-999,-999,-999,20.8027992248535,0.147102996706963,0.25398001074791,-999,-999,-999
50.4794583,0.4948335,108590504794304235,50.47946728,0.49481428,9,0,1,7,1,0,-999,-999,-999,21.8097991943359,0.177977994084358,-999,21.6037998199463,0.0350980013608933,0.0943790003657341,21.4713001251221,0.182903006672859,-999,-999,-999,-999
53.96052436,-15.79569428,89040539605365531,53.96054485,-15.79572401,8,0,0,0,8,0,-999,-999,-999,-999,-999,-999,-999,-999,-999,20.5093994140625,0.0890600010752678,0.240262001752853,-999,-999,-999
54.6221249,0.3656388,108430546220629210,54.62214425,0.36561742,44,0,9,14,10,11,-999,-999,-999,21.797700881958,0.0506150014698505,0.155267000198364,20.0993003845215,0.0195690002292395,0.0632259994745255,19.8950996398926,0.0375039987266064,0.119840003550053,19.5741004943848,0.0328049995005131,0.153481006622314
55.424375,-0.80354444,107030554244646103,55.4244621,-0.80356103,9,0,0,0,8,1,-999,-999,-999,-999,-999,-999,-999,-999,-999,20.3504009246826,0.0449239984154701,0.157367005944252,19.9349994659424,0.193066999316216,-999
56.71685,-16.47691,88220567168338040,56.71691438,-16.47693922,9,0,0,0,6,3,-999,-999,-999,-999,-999,-999,-999,-999,-999,20.0144004821777,0.0631780028343201,0.233705997467041,19.9585990905762,0.167618006467819,0.264247000217438
57.4974999,0.5676388,108680574975101672,57.49753995,0.56768189,11,0,0,9,2,0,-999,-999,-999,-999,-999,-999,21.5004005432129,0.0657399967312813,0.203557997941971,21.1529998779297,0.185329005122185,0.262495011091232,-999,-999,-999
58.45721356,1.06796142,109280584572911888,58.45724256,1.06795646,5,0,0,0,4,1,-999,-999,-999,-999,-999,-999,-999,-999,-999,21.1105003356934,0.182428002357483,0.433966010808945,20.4083003997803,0.181590005755425,-999
62.869291,-9.1305,97040628693233851,62.86932044,-9.13048252,6,0,0,0,0,6,-999,-999,-999,-999,-999,-999,-999,-999,-999,-999,-999,-999,19.9512004852295,0.107033997774124,0.194266006350517
65.408537,-26.95433511,75650654085565164,65.40854025,-26.95437066,13,0,0,0,7,6,-999,-999,-999,-999,-999,-999,-999,-999,-999,20.4326992034912,0.076884999871254,0.251870006322861,19.5195999145508,0.0402150005102158,0.0973789989948273
65.50414653,-19.45796853,84650655041660756,65.50417551,-19.45797435,12,0,0,0,10,2,-999,-999,-999,-999,-999,-999,-999,-999,-999,19.7220001220703,0.0258450005203485,0.100211001932621,20.1366996765137,0.218042999505997,0.43511301279068
69.946166,16.5710277,127880699462025787,69.94621348,16.57102972,26,0,0,5,9,12,23.4930000305176,-999,-999,21.3500003814697,-999,-999,21.5011005401611,0.036922000348568,0.103872999548912,19.5730991363525,0.0462250001728535,0.0934199988842011,17.632999420166,0.0211069993674755,0.169604003429413
71.03221433,-4.55918682,102520710322579370,71.03222802,-4.55921798,14,0,0,0,10,4,-999,-999,-999,-999,-999,-999,-999,-999,-999,20.3029003143311,0.0446970015764236,0.191137000918388,19.9554004669189,0.0961180031299591,0.254433006048203
71.45075,-2.33329,105200714507800461,71.45077973,-2.33330526,39,0,0,8,15,16,-999,-999,-999,-999,-999,-999,21.2875995635986,0.0526239983737469,0.149683997035027,19.2453994750977,0.0250909999012947,0.0877289995551109,19.2191009521484,0.02785300090909,0.168375000357628
75.93566,-7.50613,98990759356663085,75.93564427,-7.50615436,11,0,0,0,9,2,-999,-999,-999,-999,-999,-999,-999,-999,-999,20.5382995605469,0.0755409970879555,0.204800993204117,20.2518997192383,0.0583279989659786,0.083066999912262
89.93944458,-15.5833895,89300899394190253,89.93945467,-15.58339396,17,0,0,0,15,2,-999,-999,-999,-999,-999,-999,-999,-999,-999,20.0235004425049,0.0236830003559589,0.131597995758057,19.8209991455078,0.134095996618271,0.190403997898102
106.609958,29.3515277,143221066099542562,106.60995404,29.35150929,16,0,0,0,1,15,-999,-999,-999,-999,-999,-999,-999,-999,-999,20.1756000518799,0.187618002295494,-999,19.2161998748779,0.028761999681592,0.15718999505043
108.4429416,8.92573692,118711084429421306,108.44294818,8.92572892,25,0,0,0,11,14,-999,-999,-999,-999,-999,-999,-999,-999,-999,19.4890995025635,0.0186320003122091,0.118248999118805,19.2458000183105,0.0366600006818771,0.254559010267258
112.76303,44.99707,161991127630427206,112.76305336,44.99706743,81,0,16,40,13,12,-999,-999,-999,20.8171997070313,0.0372590012848377,0.109044000506401,19.1466007232666,0.00515499990433455,0.0290539991110563,19.1201992034912,0.0202140007168055,0.0927070006728172,18.8834991455078,0.0228610001504421,0.123084999620914
115.478,25.34156944,138411154779730411,115.47798413,25.34154473,59,0,22,16,9,12,23.9440002441406,-999,-999,20.4731998443604,0.0168939996510744,0.0544359982013702,18.4578990936279,0.00678700022399426,0.0213760007172823,18.3943996429443,0.0134079996496439,0.0356190018355846,18.1175003051758,0.0121470000594854,0.0858839973807335
116.9549166,11.8979055,122271169548847950,116.95489255,11.89790401,52,0,17,10,11,14,-999,-999,-999,20.4433002471924,0.0240739993751049,0.0912169963121414,18.7654991149902,0.0119580002501607,0.0295570008456707,18.3848991394043,0.00999299995601177,0.0319369994103909,18.1135005950928,0.0255970004945993,0.0891240015625954
119.0755812,41.06905919,157281190755733530,119.07558108,41.06906648,45,0,4,20,13,8,-999,-999,-999,21.6798992156982,0.0472339987754822,0.111625999212265,20.1375999450684,0.0198410004377365,0.0956159979104996,19.9209003448486,0.0132769998162985,0.11056199669838,19.6112003326416,0.0948989987373352,0.148785993456841
120.772583,31.6428333,145971207725611954,120.77260302,31.64275208,2,0,0,0,0,2,-999,-999,-999,-999,-999,-999,-999,-999,-999,-999,-999,-999,19.6075000762939,0.0946889966726303,0.134096994996071
122.7263086,51.094473,169311227263404013,122.72636251,51.09443908,18,0,0,0,14,4,-999,-999,-999,-999,-999,-999,-999,-999,-999,19.75950050354,0.0294979996979237,0.130539000034332,19.7332000732422,0.172865003347397,0.339812994003296
123.2034166,4.6823722,113611232033629302,123.20340427,4.68238689,45,0,8,16,11,10,-999,-999,-999,21.7369003295898,0.0704659968614578,0.212233006954193,19.9829998016357,0.015085999853909,0.14963099360466,19.880199432373,0.0137790003791451,0.106291003525257,19.6000995635986,0.0345849990844727,0.118932001292706
124.6141845,17.38111271,128851246141597847,124.61415642,17.38108155,24,0,0,2,12,10,-999,-999,-999,-999,-999,-999,21.9706993103027,0.112035997211933,0.159718006849289,19.6595001220703,0.0232480000704527,0.153944998979568,19.2537994384766,0.0349280014634132,0.117536999285221
126.2250634,13.03804903,123641262250716198,126.22506945,13.03806343,57,0,14,14,15,14,-999,-999,-999,21.4776992797852,0.0342600010335445,0.204341992735863,20.0328006744385,0.0274470001459122,0.0626640021800995,19.5517997741699,0.012814000248909,0.0633300021290779,19.3311004638672,0.0158329997211695,0.118180997669697
127.0558622,26.56541403,139871270558499074,127.05584351,26.56540692,5,0,0,0,4,1,-999,-999,-999,-999,-999,-999,-999,-999,-999,20.760799407959,0.0706560015678406,0.211168006062508,20.0832996368408,0.160655006766319,-999
127.2817406,3.06570093,111671272817619298,127.28175768,3.06570688,9,0,0,0,8,1,-999,-999,-999,-999,-999,-999,-999,-999,-999,20.6933994293213,0.0624019987881184,0.288060009479523,20.6380004882813,0.180084004998207,-999
127.3879166,25.11266666,138131273879415791,127.38792205,25.11267073,24,0,3,9,7,5,-999,-999,-999,22.0725994110107,0.039852000772953,0.0797120034694672,20.3953990936279,0.036642998456955,0.114309996366501,19.941499710083,0.0304790008813143,0.0663530007004738,19.7502994537354,0.047945998609066,0.0925540030002594
128.3235833,27.44138888,140931283235450230,128.32357526,27.44139249,34,0,2,17,10,5,-999,-999,-999,22.2124004364014,0.0384449996054173,0.0543899983167648,20.4533996582031,0.029271999374032,0.0971499979496002,20.6991004943848,0.0561770014464855,0.197306007146835,19.9300994873047,0.113862998783588,0.247494995594025
128.5036667,2.1963611,110631285035405530,128.50352957,2.19589084,2,0,0,1,1,0,-999,-999,-999,-999,-999,-999,20.8138999938965,0.22715599834919,-999,21.2194004058838,0.182693004608154,-999,-999,-999,-999
128.8573333,32.29794444,146751288573948152,128.85731935,32.29794026,4,0,0,0,4,0,-999,-999,-999,-999,-999,-999,-999,-999,-999,20.8663005828857,0.0725340023636818,0.198153004050255,-999,-999,-999
128.97651322,5.6314046,114751289765878182,128.97652782,5.63140101,37,0,2,18,13,4,-999,-999,-999,22.0258007049561,0.0918530002236366,0.133762001991272,20.5506992340088,0.0352590009570122,0.12279699742794,20.0685005187988,0.0776100009679794,0.205595001578331,19.7821998596191,0.0745360031723976,0.184191003441811
129.1827665,0.91479339,109091291827888215,129.1827486,0.91478593,40,0,1,12,14,13,-999,-999,-999,21.8754997253418,0.150453999638557,-999,21.0496997833252,0.0418570004403591,0.121708996593952,18.8183994293213,0.0149590000510216,0.124884001910686,18.988899230957,0.0188740007579327,0.113641999661922
129.407666,49.4834444,167381294076470863,129.40767751,49.4834464,3,0,0,0,0,3,-999,-999,-999,-999,-999,-999,-999,-999,-999,-999,-999,-999,19.7469997406006,0.0103289997205138,0.0228480007499456
129.945333,39.0031944,154801299453454503,129.94537518,39.00317672,3,0,0,0,0,3,-999,-999,-999,-999,-999,-999,-999,-999,-999,-999,-999,-999,20.0608997344971,0.0719050019979477,0.102052003145218
129.98065,0.2650583,108311299807448539,129.98075521,0.26507353,3,0,0,0,3,0,-999,-999,-999,-999,-999,-999,-999,-999,-999,21.1567001342773,0.0666199997067451,0.139498993754387,-999,-999,-999
130.1462615,56.40561756,175681301462287355,130.14628618,56.40559645,25,0,0,3,13,9,-999,-999,-999,-999,-999,-999,20.8262004852295,0.176874995231628,-999,19.7733993530273,0.0232449993491173,0.0992230027914047,19.5457000732422,0.0497540012001991,0.277669012546539
130.3313231,29.08459657,142901303313192077,130.33132067,29.08455975,7,0,0,0,5,2,-999,-999,-999,-999,-999,-999,-999,-999,-999,20.3547992706299,0.0444479994475842,0.144100993871689,20.2021007537842,0.192015007138252,0.271694988012314
130.6226384,12.31405085,122771306226327332,130.62265966,12.31401773,20,0,0,0,14,6,-999,-999,-999,-999,-999,-999,-999,-999,-999,19.9155006408691,0.021093999966979,0.115106001496315,19.8425006866455,0.0621679984033108,0.155493006110191
131.61600383,8.01436554,117611316159717716,131.61601004,8.01436354,44,0,12,14,12,6,-999,-999,-999,21.6574993133545,0.109311997890472,0.323103010654449,20.0991992950439,0.0190379992127419,0.0734710022807121,19.8390007019043,0.0378049984574318,0.144465997815132,19.565299987793,0.0494159981608391,0.238351002335548
132.7010255,32.7799831,147331327009736501,132.70104156,32.77994654,25,0,0,1,14,10,-999,-999,-999,-999,-999,-999,20.7886009216309,0.162679001688957,-999,20.1909999847412,0.026673000305891,0.14691099524498,19.9018993377686,0.0282179992645979,0.0735670030117035
133.62655121,20.94745469,133131336265667573,133.62652677,20.94745907,39,0,3,15,11,10,-999,-999,-999,21.9069995880127,0.0576190017163754,0.0846569985151291,19.4246997833252,0.02347999997437,0.0633950009942055,19.7465991973877,0.0371749997138977,0.126754999160767,19.2618007659912,0.026375999674201,0.112567998468876
133.62655121,20.94745469,133131336266277904,133.62668871,20.94768577,3,0,0,3,0,0,-999,-999,-999,-999,-999,-999,20.2138004302979,0.0745550021529198,0.134804993867874,-999,-999,-999,-999,-999,-999
135.3860431,16.25189854,127501353860642750,135.38602163,16.25186801,11,0,0,0,10,1,-999,-999,-999,-999,-999,-999,-999,-999,-999,20.5970001220703,0.0368949994444847,0.148249998688698,19.2357997894287,0.17569400370121,-999
135.69067056,8.85442286,118621356907175837,135.69067826,8.85441487,50,0,7,24,12,7,-999,-999,-999,21.7754001617432,0.141718000173569,0.247401997447014,20.1676998138428,0.030409999191761,0.111858002841473,20.1968002319336,0.0509070008993149,0.146723002195358,19.6462001800537,0.112475000321865,0.229001998901367
135.8704568,-13.83368626,91391358704599896,135.87043905,-13.83367306,17,0,0,0,16,1,-999,-999,-999,-999,-999,-999,-999,-999,-999,20.3953990936279,0.0303470008075237,0.180896997451782,20.9174003601074,0.175659999251366,-999
136.62812499,69.50855555,191411366280800985,136.62810434,69.50857047,41,0,0,31,7,3,-999,-999,-999,-999,-999,-999,20.540599822998,0.0245919991284609,0.145822003483772,19.8295001983643,0.0446869991719723,0.125916004180908,19.5359001159668,0.0930920019745827,0.136834993958473
138.31896345,59.32268879,179181383190057960,138.31891822,59.32268705,34,0,1,22,8,3,-999,-999,-999,22.031099319458,0.170820996165276,-999,20.576000213623,0.0303479991853237,0.110464997589588,20.5830001831055,0.0819519981741905,0.22282500565052,20.2765007019043,0.180041998624802,0.357425004243851
138.93184201,49.40462411,167281389318666204,138.93183923,49.40461737,58,0,12,24,12,10,-999,-999,-999,21.1478004455566,0.0875049978494644,0.193645000457764,19.7045993804932,0.014568000100553,0.0708860009908676,19.4281997680664,0.0159740000963211,0.0974380001425743,19.1040992736816,0.0388129986822605,0.0963490009307861
139.49149069,38.51115496,154211394914574032,139.49143865,38.5111378,32,0,0,18,13,1,-999,-999,-999,-999,-999,-999,20.9596996307373,0.0381149984896183,0.177432999014854,20.6856994628906,0.0620269998908043,0.23479899764061,20.3122997283936,0.148393005132675,-999
140.5700563,26.89973758,140281405699590208,140.57003367,26.89970929,48,0,7,21,13,7,-999,-999,-999,21.7528991699219,0.100028000771999,0.285948991775513,20.2488994598389,0.0196150001138449,0.102564997971058,20.07080078125,0.0178389996290207,0.0749370008707047,19.7693004608154,0.0656429976224899,0.162652999162674
140.90326724,30.16377289,144191409033147247,140.9032882,30.16378345,26,0,0,17,5,4,-999,-999,-999,-999,-999,-999,20.7019004821777,0.0277750007808208,0.106251001358032,20.9596996307373,0.0914070010185242,0.212316006422043,20.2080993652344,0.241539001464844,0.478139013051987
141.8409198,20.02323341,132021418409078410,141.84090231,20.02322843,16,0,0,2,11,3,-999,-999,-999,-999,-999,-999,21.5914993286133,0.113995000720024,0.161439001560211,19.9067001342773,0.0304359998553991,0.0954959988594055,19.554500579834,0.0992109999060631,0.143728002905846
143.2073307,12.36828033,122841432073772373,143.20732568,12.36825753,6,0,0,4,2,0,-999,-999,-999,-999,-999,-999,21.0184001922607,0.0327050015330315,0.0503490008413792,21.3159999847412,0.158785998821259,-999,-999,-999,-999
143.847125,-2.13177777,105441438471262375,143.84710661,-2.13175205,31,0,0,18,11,2,-999,-999,-999,-999,-999,-999,20.7558994293213,0.0179200004786253,0.0989729985594749,20.2879009246826,0.0218049995601177,0.0751639977097511,20.1093006134033,-999,0.862132012844086
147.23068155,21.10876938,133331472307021008,147.2306898,21.10874253,37,0,8,16,8,5,-999,-999,-999,22.06130027771,0.0178810004144907,0.0711740031838417,20.2155990600586,0.0348809994757175,0.132718995213509,20.0123996734619,0.0319689996540546,0.129563003778458,19.7532005310059,0.0981130003929138,0.19157999753952
149.28198799,6.183206919,115421492819780286,149.28198204,6.18321286,52,0,17,13,13,9,-999,-999,-999,20.6828994750977,0.0343599990010262,0.202071994543076,19.2735996246338,0.0093189999461174,0.0574409998953342,19.0958003997803,0.018750999122858,0.0538499988615513,18.8768997192383,0.0209359992295504,0.0940700024366379
149.30083333,10.27180555,120321493008896674,149.30084582,10.27180952,52,0,3,28,10,11,-999,-999,-999,22.0065002441406,0.0572240017354488,0.117417998611927,20.4286003112793,0.015522999688983,0.100472003221512,20.2383003234863,0.0363290011882782,0.223832994699478,19.7409992218018,0.0781830027699471,0.240787997841835
149.3661115,5.318132272,114381493659501951,149.36608759,5.31808934,3,0,1,1,0,1,-999,-999,-999,21.4937992095947,0.154204994440079,-999,19.6476001739502,0.107461996376514,-999,-999,-999,-999,19.4839000701904,0.121119998395443,-999
149.3661115,5.318132272,114381493662312107,149.36610281,5.31811784,39,0,4,15,9,11,-999,-999,-999,21.6979007720947,0.257111012935638,0.272637993097305,20.19580078125,0.0383509993553162,0.175035998225212,20.0303001403809,0.0589199997484684,0.136509001255035,19.7064990997314,0.0754569992423058,0.215726003050804
149.55845095,35.4135633,150491495584176975,149.55842567,35.41359736,42,0,3,26,11,2,-999,-999,-999,21.9680995941162,0.0789590030908585,0.155172005295753,20.5704002380371,0.0169980004429817,0.118051998317242,20.5757007598877,0.104488998651505,0.23658199608326,20.1121006011963,0.172612994909287,-999
150.18239929,21.05740935,133261501824239472,150.18239086,21.05741969,27,0,4,10,6,7,-999,-999,-999,21.8356990814209,0.102150000631809,0.170187994837761,20.4332008361816,0.0312729999423027,0.134523004293442,19.8160991668701,0.0543439984321594,0.187764003872871,19.7268009185791,0.084136001765728,0.224280998110771
151.56087499,-3.17511111,104191515608860166,151.56090289,-3.17513307,35,0,0,17,13,5,-999,-999,-999,-999,-999,-999,21.0086994171143,0.0342950001358986,0.103377997875214,20.1571998596191,0.0325170010328293,0.0823670029640198,19.8493003845215,0.0690039992332459,0.117265999317169
153.40139162,42.67400058,159201534013899473,153.40139139,42.67402974,58,0,10,26,17,5,-999,-999,-999,21.3721008300781,0.0433610007166862,0.118669003248215,20.1483993530273,0.0203280001878738,0.156384006142616,19.7935009002686,0.0529880002140999,0.204173997044563,19.6972007751465,0.0634789988398552,0.224248006939888
155.50795833,8.02283333,117621555079347924,155.5079537,8.02285463,62,0,6,24,17,15,-999,-999,-999,21.3290996551514,0.140260994434357,0.21527299284935,19.7098999023438,0.0138699999079108,0.119185999035835,19.2607002258301,0.0102260001003742,0.0513320006430149,19.1382999420166,0.0337839983403683,0.169263005256653
155.5418621,22.87373501,135441555418719041,155.54184075,22.87370325,45,0,7,13,13,12,-999,-999,-999,21.7558002471924,0.0721319988369942,0.260008990764618,19.6956005096436,0.0182259995490313,0.065080001950264,19.4887008666992,0.0325299985706806,0.127088993787766,19.2539005279541,0.0860079973936081,0.17833299934864
156.59845266,25.71651275,138861565984220407,156.59841842,25.71650231,47,0,2,17,16,12,-999,-999,-999,21.8307991027832,0.20720000565052,0.312469989061356,20.0627994537354,0.0194819997996092,0.0799209997057915,19.9720001220703,0.0555099993944168,0.145744994282722,19.4473991394043,0.0430019982159138,0.242740005254745
157.13939876,7.77193216,117321571394096761,157.13942922,7.77191187,45,0,6,15,18,6,-999,-999,-999,21.8514995574951,0.0787750035524368,0.194867998361588,20.2455005645752,0.0257019996643066,0.160763993859291,19.9685001373291,0.0202799998223782,0.119286999106407,19.5835990905762,0.124714002013206,0.222620993852615
157.6129585,5.41529456,114491576129968817,157.61289855,5.41529889,14,0,0,0,9,5,-999,-999,-999,-999,-999,-999,-999,-999,-999,20.1942005157471,0.0511629991233349,0.205008998513222,19.8778991699219,0.22520700097084,0.234982997179031
157.9070364,-2.65990731,104801579070488536,157.90701699,-2.65990824,14,0,0,0,9,5,-999,-999,-999,-999,-999,-999,-999,-999,-999,20.2898998260498,0.0360610000789166,0.125073000788689,19.8859996795654,0.142236992716789,0.383796989917755
158.57770505,20.55005942,132661585776490488,158.57767336,20.55003549,56,0,6,22,12,16,-999,-999,-999,21.7870006561279,0.0912389978766441,0.149895995855331,19.949499130249,0.016245000064373,0.0634429976344109,19.8631000518799,0.0152629995718598,0.126458004117012,19.5468006134033,0.0277169998735189,0.15939100086689
158.6938,-14.4211,90691586938005069,158.69374782,-14.42108249,21,0,0,0,9,12,-999,-999,-999,-999,-999,-999,-999,-999,-999,19.682300567627,0.0220759995281696,0.0735350027680397,19.3358993530273,0.0477810017764568,0.253841996192932
159.225791,-2.54387343,104941592257587765,159.2257476,-2.54388392,16,0,0,0,11,5,-999,-999,-999,-999,-999,-999,-999,-999,-999,20.4974994659424,0.0438079982995987,0.171044006943703,19.7901000976563,0.0380619987845421,0.0970899984240532
160.89663741,10.17627122,120211608966491991,160.89659211,10.17626808,24,0,2,13,9,0,-999,-999,-999,21.5690994262695,0.216557994484901,0.430913001298904,20.9169006347656,0.0374189987778664,0.12330400198698,20.5687999725342,0.0692590028047562,0.231767997145653,-999,-999,-999
161.13767,-1.4172777,106291611377049765,161.13766452,-1.41724748,24,0,0,5,10,9,-999,-999,-999,-999,-999,-999,21.5569000244141,0.0304460003972054,0.104203999042511,19.331600189209,0.0154179995879531,0.064289003610611,19.3680992126465,0.0693660005927086,0.13374499976635
162.0829167,-1.16116944,106601620828187033,162.08291346,-1.16130563,34,1,6,10,12,5,22.2467002868652,0.172565996646881,-999,21.7007999420166,0.132060006260872,0.452751994132996,20.8701000213623,0.0375929996371269,0.121550001204014,20.3679008483887,0.0379399992525578,0.174569994211197,19.92799949646,0.100321002304554,0.363373994827271
162.153041,33.6632388,148391621529856499,162.15295053,33.6632581,36,0,0,24,8,4,-999,-999,-999,-999,-999,-999,21.4437007904053,0.0369670018553734,0.177089005708694,20.1597995758057,0.0298040006309748,0.0979949980974197,19.9174003601074,0.00970300007611513,0.287014007568359
162.187771,46.62181837,163941621877266852,162.18777035,46.62179297,17,0,0,1,12,4,-999,-999,-999,-999,-999,-999,22.0109004974365,0.254254996776581,-999,20.1088008880615,0.0322659984230995,0.133752003312111,19.539400100708,0.0371220000088215,0.0829349979758263
162.65194802,58.07352357,177681626519618980,162.65196437,58.07351385,51,0,12,24,8,7,-999,-999,-999,21.7858009338379,0.0228419993072748,0.147871002554893,19.8078002929688,0.015089999884367,0.159159004688263,19.9629001617432,0.0561939999461174,0.109724000096321,19.3922004699707,0.0789700001478195,0.332233011722565
163.34578703,58.07003623,177681633457214804,163.3457783,58.07003857,69,0,19,23,11,16,-999,-999,-999,21.5223999023438,0.0131759997457266,0.138549000024796,19.7376003265381,0.0185979995876551,0.0760010033845901,19.4813003540039,0.0165739990770817,0.0661450028419495,19.202600479126,0.0379510000348091,0.144197002053261
163.522166,46.6250694,163951635222300775,163.52211696,46.62508913,61,0,3,42,10,6,-999,-999,-999,21.9992008209229,0.067952997982502,0.1085259988904,20.4953994750977,0.0196560006588697,0.155041992664337,19.8455009460449,0.0406159982085228,0.0884360000491142,19.6072998046875,0.0378349982202053,0.171910002827644
163.68929649,16.56038561,127871636893103034,163.68926241,16.56044843,51,0,1,22,16,12,-999,-999,-999,22.0454998016357,0.164637997746468,-999,20.3157997131348,0.0163959991186857,0.113032996654511,19.9505996704102,0.0286810006946325,0.14444400370121,19.5044994354248,0.0469049997627735,0.182175993919373
164.8692,-9.1056666,97071648690933512,164.8690436,-9.10576336,6,0,0,0,6,0,-999,-999,-999,-999,-999,-999,-999,-999,-999,20.7486000061035,0.0879049971699715,0.133624002337456,-999,-999,-999
165.39316612,5.52607366,114631653931501733,165.39315938,5.52606599,60,0,11,24,14,11,-999,-999,-999,21.2416000366211,0.0484329983592033,0.240685001015663,19.8477993011475,0.0204080007970333,0.0883919969201088,19.2068004608154,0.0266629997640848,0.0793950036168098,19.1466007232666,0.0556319989264011,0.165234997868538
166.089958,21.5746666,133891660899540132,166.08995293,21.5746415,5,0,0,0,0,5,-999,-999,-999,-999,-999,-999,-999,-999,-999,-999,-999,-999,19.74169921875,0.069242998957634,0.197116002440453
167.4726271,56.95211429,176341674726453271,167.47263938,56.95210949,6,0,0,0,5,1,-999,-999,-999,-999,-999,-999,-999,-999,-999,20.7245998382568,0.125024005770683,0.17077100276947,20.7119007110596,0.19038000702858,-999
169.836,34.88003,149851698359996626,169.83595759,34.88003704,59,0,14,25,10,10,-999,-999,-999,21.4389991760254,0.0378660000860691,0.197051003575325,20.0137996673584,0.0133119998499751,0.127045005559921,19.7987003326416,0.0214189998805523,0.101565003395081,19.7000007629395,0.0832739993929863,0.14682100713253
170.70851309,13.71012455,124451707085222740,170.70850642,13.71015505,18,0,2,12,4,0,-999,-999,-999,21.7460994720459,0.20014899969101,-999,21.2793006896973,0.0495919995009899,0.19675700366497,21.0856990814209,0.105453997850418,0.215443000197411,-999,-999,-999
170.79645833,-0.73851111,107111707964844246,170.79644032,-0.73852405,42,0,7,16,15,4,-999,-999,-999,22.027099609375,0.0369170010089874,0.147093996405602,20.3901996612549,0.0259479992091656,0.0715269967913628,20.2670001983643,0.0350509993731976,0.120059996843338,19.9332008361816,0.0740090012550354,0.285593003034592
171.31714388,44.81247508,161771713171925494,171.31717945,44.81239648,50,0,0,24,14,12,-999,-999,-999,-999,-999,-999,20.6275005340576,0.0263020005077124,0.112567000091076,20.2532005310059,0.0496920011937618,0.14640499651432,19.6749000549316,0.0377609990537167,0.177769005298615
171.65820596,17.58293115,129101716582090001,171.65817969,17.58290969,53,0,10,21,13,9,-999,-999,-999,21.6700992584229,0.0428659990429878,0.141141995787621,19.9962005615234,0.0150640001520514,0.0807820037007332,19.892599105835,0.039122998714447,0.13018399477005,19.7203998565674,0.0700730010867119,0.194213002920151
172.1770011,26.88666537,140261721770494606,172.17704283,26.88662859,11,0,0,0,11,0,-999,-999,-999,-999,-999,-999,-999,-999,-999,20.7553005218506,0.0396250002086163,0.135987997055054,-999,-999,-999
172.24103279,57.98606763,177581722409993992,172.2410056,57.98604885,62,0,10,36,8,8,-999,-999,-999,20.779899597168,0.0343290008604527,0.0983140021562576,19.3293991088867,0.0138529995456338,0.0663409978151321,19.0634994506836,0.0119939995929599,0.0476039983332157,19.0041007995605,0.0196729991585016,0.0939949974417686
173.19375,12.15047222,122581731937471107,173.1937583,12.15048004,44,0,8,10,14,12,-999,-999,-999,21.2583999633789,0.0637580007314682,0.140715003013611,19.6380996704102,0.0314790010452271,0.148034006357193,19.2334995269775,0.0207400005310774,0.0688669979572296,19.1439990997314,0.030112000182271,0.143540993332863
173.19375,12.15047222,122581731940601045,173.19381304,12.15046521,2,0,0,0,2,0,-999,-999,-999,-999,-999,-999,-999,-999,-999,19.4433994293213,3.40000005962793E-05,-999,-999,-999,-999
173.28658333,16.06547222,127271732866509081,173.28659751,16.06550778,29,0,0,15,12,2,-999,-999,-999,-999,-999,-999,21.2432994842529,0.0975269973278046,0.258388996124268,19.940299987793,0.0558129996061325,0.152060002088547,19.0976009368896,0.342828005552292,0.684514999389648
173.55929166,8.48147222,118171735592558268,173.55925966,8.48148083,22,0,0,10,12,0,-999,-999,-999,-999,-999,-999,21.2798004150391,0.0507370010018349,0.177213996648788,20.1100997924805,0.0303959995508194,0.12627500295639,-999,-999,-999
173.787208,50.1924999,168231737873091698,173.78724922,50.19247474,2,0,0,0,0,2,-999,-999,-999,-999,-999,-999,-999,-999,-999,-999,-999,-999,20.0237998962402,0.0484719984233379,0.075703002512455
174.3238678,35.83245858,150991743238579555,174.3238492,35.8324427,32,0,0,1,15,16,-999,-999,-999,-999,-999,-999,22.0634994506836,0.172882005572319,-999,19.4799995422363,0.0236230008304119,0.115837000310421,19.3943996429443,0.0321330018341541,0.12992399930954
174.7920407,-12.28454921,93251747920418854,174.79198253,-12.2845471,14,1,0,0,12,1,21.8812999725342,0.307592988014221,-999,-999,-999,-999,-999,-999,-999,20.2189998626709,0.0197790004312992,0.0643289983272552,19.7425994873047,0.155374005436897,-999
175.4091843,-20.26545798,83681754091651794,175.40914692,-20.26545754,14,0,0,2,10,2,-999,-999,-999,-999,-999,-999,21.8080005645752,0.17925800383091,-999,20.236499786377,0.0754439979791641,0.195070996880531,19.9456005096436,0.191465005278587,0.27351701259613
175.9097797,38.14133978,153771759098210211,175.90970617,38.14133057,21,0,0,1,11,9,-999,-999,-999,-999,-999,-999,21.2234001159668,0.182428002357483,-999,20.0785007476807,0.0556779988110065,0.220063000917435,19.9580001831055,0.0537459999322891,0.187810003757477
176.7408,40.61907,156741767408313485,176.74079442,40.61906308,57,0,14,22,9,12,-999,-999,-999,20.9379005432129,0.0269969999790192,0.147110998630524,19.3980007171631,0.0136280003935099,0.0695310011506081,19.4074993133545,0.0310919992625713,0.10912200063467,18.9731006622314,0.0301840007305145,0.134281992912292
176.77670833,-1.16616666,106601767767270987,176.77671756,-1.16620709,46,0,8,10,17,11,-999,-999,-999,21.3027992248535,0.0419690012931824,0.165549993515015,19.8048992156982,0.0289469994604588,0.0605789981782436,19.2665004730225,0.0230509992688894,0.0749600008130074,18.9661998748779,0.0343619994819164,0.16202500462532
177.0137037,7.0356349,116441770137723242,177.01367676,7.0356171,6,0,0,0,4,2,-999,-999,-999,-999,-999,-999,-999,-999,-999,20.8922004699707,0.076044999063015,0.240765005350113,20.1907997131348,0.142850995063782,0.207310006022453
177.0693757,52.86399858,171431770692927506,177.06935224,52.86396458,21,0,0,0,11,10,-999,-999,-999,-999,-999,-999,-999,-999,-999,20.5396995544434,0.0383299998939037,0.248434007167816,19.2108001708984,0.0795029997825623,0.232372000813484
177.1090253,30.33869677,144401771090456985,177.10903651,30.33870528,44,0,9,11,10,14,-999,-999,-999,21.2541999816895,0.075534999370575,0.20660899579525,19.8162002563477,0.010410999879241,0.0445300005376339,19.7518005371094,0.0321829989552498,0.098362997174263,19.4099006652832,0.0376249998807907,0.202744007110596
177.13825,0.9450722,109131771382064489,177.13824438,0.94500469,4,0,0,0,4,0,-999,-999,-999,-999,-999,-999,-999,-999,-999,21.1917991638184,0.180656999349594,0.277061998844147,-999,-999,-999
177.44354166,7.81405555,117371774434707361,177.44350361,7.81406696,36,0,0,14,17,5,-999,-999,-999,-999,-999,-999,21.1558990478516,0.0416850000619888,0.161874994635582,20.1643009185791,0.037992998957634,0.117182999849319,19.9141998291016,0.0561700016260147,0.150060996413231
178.5594134,-12.18818926,93371785594204586,178.5593879,-12.18817078,6,0,0,0,5,1,-999,-999,-999,-999,-999,-999,-999,-999,-999,20.7640991210938,0.0956280007958412,0.173136994242668,19.9155006408691,0.144775003194809,-999
178.58299441,23.56590841,136271785831129651,178.58303365,23.56593,39,0,10,16,7,6,-999,-999,-999,21.585599899292,0.0611139982938766,0.169260993599892,20.2791996002197,0.0174899995326996,0.0755650028586388,20.0193004608154,0.0500900000333786,0.159281998872757,19.8381996154785,0.0571510009467602,0.164120003581047
178.60305991,13.69605218,124431786030245794,178.60309071,13.69601996,45,0,7,14,13,11,-999,-999,-999,21.7374992370605,0.102701000869274,0.214206993579865,20.3026008605957,0.0177810005843639,0.105870999395847,20.1191997528076,0.0330649986863136,0.138490006327629,19.7304992675781,0.0568040013313293,0.171057000756264
179.45160964,6.61998161,115941794516184445,179.45159074,6.61997629,57,0,2,36,17,2,-999,-999,-999,21.7474002838135,0.145616993308067,0.212117001414299,20.4503993988037,0.0184729993343353,0.110322996973991,20.2168998718262,0.0315219983458519,0.119292996823788,19.8490009307861,0.20710900425911,0.347586989402771
180.53242178,32.59410995,147111805324083551,180.53242063,32.59411005,56,1,15,10,13,17,20.9372997283936,0.0905139967799187,-999,20.7581996917725,0.0532470010221004,0.275025993585587,19.4997005462646,0.0128499995917082,0.138984993100166,18.7115001678467,0.0693499967455864,0.15030699968338,18.5547008514404,0.0235419999808073,0.135746002197266
181.17389474,-0.36378588,107561811738913920,181.17387894,-0.36376298,63,0,15,22,12,14,-999,-999,-999,20.8514995574951,0.0246810000389814,0.124009996652603,19.3605003356934,0.0138170002028346,0.0659620016813278,19.1685009002686,0.0194119997322559,0.097511999309063,18.957799911499,0.025008000433445,0.127932995557785
181.9059988,6.50284332,115801819059223812,181.90597404,6.50280081,20,0,1,0,16,3,-999,-999,-999,21.5352001190186,0.253123998641968,-999,-999,-999,-999,20.4344997406006,0.0282359998673201,0.210464999079704,20.0013008117676,0.0941900014877319,0.11014000326395
182.09924999,0.17436111,108201820993739624,182.09928643,0.17434497,42,0,1,21,15,5,-999,-999,-999,22.0821990966797,0.195508003234863,-999,20.683500289917,0.0247719995677471,0.123878002166748,20.3582000732422,0.0276260003447533,0.15522700548172,20.1655006408691,0.0665860027074814,0.0898450016975403
182.21944502,21.17610232,133411822195101863,182.21943654,21.17608618,34,0,0,10,12,12,-999,-999,-999,-999,-999,-999,19.9456996917725,0.018903000280261,0.0737110003829002,20.0820999145508,0.0323590002954006,0.0808790028095245,19.7243003845215,0.0616939999163151,0.218478992581367
182.46970927,18.52978084,130231824696926190,182.46966417,18.52972547,50,0,9,13,17,11,-999,-999,-999,21.5373001098633,0.0491160005331039,0.210047006607056,19.7938995361328,0.0232740007340908,0.101553998887539,19.724100112915,0.0215610004961491,0.114449001848698,19.3185005187988,0.0770170018076897,0.185092002153397
183.11242083,5.09263611,114111831124251625,183.11237785,5.09265639,7,0,0,0,1,6,-999,-999,-999,-999,-999,-999,-999,-999,-999,21.4272003173828,0.165774002671242,-999,19.7520999908447,0.0660960003733635,0.130044996738434
183.29919,-12.767624,92671832992089230,183.2992001,-12.76763205,26,0,0,0,12,14,-999,-999,-999,-999,-999,-999,-999,-999,-999,19.5123996734619,0.0275599993765354,0.109920002520084,19.2513008117676,0.0266510006040335,0.158335000276566
183.8202986,0.39018341,108461838203048697,183.82037023,0.39019535,3,0,0,0,3,0,-999,-999,-999,-999,-999,-999,-999,-999,-999,21.2227001190186,0.300029993057251,0.431600004434586,-999,-999,-999
184.3389334,1.52846356,109831843389184600,184.33890837,1.52847734,4,0,0,0,4,0,-999,-999,-999,-999,-999,-999,-999,-999,-999,21.013500213623,0.183124005794525,0.244421005249023,-999,-999,-999
184.546624,18.1307055,129751845467077424,184.54665393,18.13069645,43,0,4,10,19,10,-999,-999,-999,22.0524005889893,0.0709140002727509,0.20304399728775,20.5891990661621,0.0311389993876219,0.133130997419357,20.2509002685547,0.0376919992268085,0.152220994234085,19.9407005310059,0.0559870004653931,0.168421998620033
185.44341967,44.75779109,161701854434309970,185.44343899,44.75778664,61,0,9,27,10,15,-999,-999,-999,21.5440998077393,0.0449919998645782,0.11931499838829,19.9403991699219,0.0193199999630451,0.0814509987831116,19.9333000183105,0.0256730001419783,0.0835890024900436,19.5659008026123,0.036472000181675,0.101443998515606
185.65818188,19.97859073,131971856582384848,185.65817482,19.97862025,47,0,1,13,17,16,-999,-999,-999,21.9698009490967,0.184819996356964,-999,20.198299407959,0.0182050000876188,0.09426099807024,20.1938991546631,0.0338840000331402,0.131153002381325,19.711799621582,0.0529190003871918,0.222506999969482
187.10479,-2.56090331,104921871048437336,187.10475378,-2.56091555,10,0,0,0,9,1,-999,-999,-999,-999,-999,-999,-999,-999,-999,20.8644008636475,0.0674299970269203,0.184502005577087,20.2236003875732,0.177270993590355,-999
187.3050336,4.32437446,113181873050099648,187.30501771,4.32431923,14,0,0,0,14,0,-999,-999,-999,-999,-999,-999,-999,-999,-999,20.8390007019043,0.0592279992997646,0.250568002462387,-999,-999,-999
188.38947332,6.376165019,115651883895171959,188.38944952,6.37621908,55,0,0,19,19,17,-999,-999,-999,-999,-999,-999,20.0741996765137,0.0165410004556179,0.0791030004620552,19.9640998840332,0.0232829991728067,0.0873920023441315,19.5335006713867,0.0328660011291504,0.135887995362282
189.025208,46.9569805,164341890252859114,189.02520341,46.95696453,50,0,0,21,18,11,-999,-999,-999,-999,-999,-999,20.4137001037598,0.0199400000274181,0.107554003596306,19.81130027771,0.0459339991211891,0.164286002516747,19.577600479126,0.0482480004429817,0.155807003378868
190.69966293,52.21853315,170661906996822959,190.69961553,52.2185419,48,0,8,24,8,8,-999,-999,-999,21.4053993225098,0.0823939964175224,0.2326740026474,19.9894008636475,0.0221309997141361,0.0860420018434525,19.8603000640869,0.0504000000655651,0.127104997634888,19.6938991546631,0.0663760006427765,0.229072004556656
192.7163615,31.50608276,145801927163357864,192.71633949,31.50606522,17,0,0,0,13,4,-999,-999,-999,-999,-999,-999,-999,-999,-999,19.9025001525879,0.0396899990737438,0.0894249975681305,19.9829006195068,0.122998997569084,0.34757199883461
194.4894807,63.82698942,184591944893223082,194.48947092,63.8269493,5,0,0,0,5,0,-999,-999,-999,-999,-999,-999,-999,-999,-999,20.7686004638672,0.0521179996430874,0.254316002130508,-999,-999,-999
196.5344701,3.94065562,112721965345349211,196.53441472,3.94060922,15,0,0,0,10,5,-999,-999,-999,-999,-999,-999,-999,-999,-999,19.8078994750977,0.0176689997315407,0.124229997396469,19.9188003540039,0.0187240000814199,0.0703769996762276
198.668374,54.5436694,173451986684143053,198.66833581,54.54371227,47,0,0,21,14,12,-999,-999,-999,-999,-999,-999,20.5804996490479,0.0227940008044243,0.121789000928402,19.8696002960205,0.0348439998924732,0.137440994381905,19.7301006317139,0.061710000038147,0.253894001245499
199.33658333,-2.65361111,104811993366936087,199.33666135,-2.65366945,17,0,0,8,6,3,-999,-999,-999,-999,-999,-999,21.056999206543,0.0326699987053871,0.127232000231743,20.6247997283936,0.0509280003607273,0.105079002678394,20.3006000518799,0.116438999772072,0.186614006757736
199.797085,9.84764345,119811997970587692,199.79704887,9.84763974,22,0,0,1,13,8,-999,-999,-999,-999,-999,-999,22.0946006774902,0.184377998113632,-999,20.1844005584717,0.0351779982447624,0.109638996422291,19.6840991973877,0.0305049996823072,0.220430999994278
201.9221762,57.54399285,177052019220013589,201.92207365,57.5440081,6,0,0,0,5,1,-999,-999,-999,-999,-999,-999,-999,-999,-999,20.5499992370605,0.0497229993343353,0.112461999058723,20.361400604248,0.196459993720055,-999
201.9221762,57.54399285,177052019224363399,201.92219815,57.54399077,5,0,0,0,5,0,-999,-999,-999,-999,-999,-999,-999,-999,-999,20.5070991516113,0.0330410003662109,0.26987299323082,-999,-999,-999
203.2393749,22.1433083,134572032393972445,203.23934599,22.14329564,49,0,8,12,15,14,-999,-999,-999,21.051399230957,0.0355830006301403,0.0831549987196922,19.2175006866455,0.0186149999499321,0.0589729994535446,19.2933006286621,0.0238910000771284,0.0680209994316101,18.886999130249,0.0289670005440712,0.113638997077942
203.2393749,22.1433083,134572032394982934,203.23957772,22.1437171,2,0,0,2,0,0,-999,-999,-999,-999,-999,-999,20.5144004821777,0.0612060017883778,0.0865610018372536,-999,-999,-999,-999,-999,-999
203.55234824,12.33908622,122802035523607401,203.55231749,12.33907561,55,0,12,17,15,11,-999,-999,-999,21.2026996612549,0.035471998155117,0.242840006947517,19.729700088501,0.0135449999943376,0.0583340004086494,19.4997005462646,0.0383450016379356,0.120004996657372,19.1427993774414,0.0410039983689785,0.120525002479553
203.9617127,35.55439429,150662039617255909,203.96169239,35.55441427,26,0,0,1,18,7,-999,-999,-999,-999,-999,-999,21.8679008483887,0.20194399356842,-999,20.2721996307373,0.0185899995267391,0.0899939984083176,19.8610000610352,0.0214600004255772,0.0628260001540184
203.98433333,-3.47727777,103822039843427662,203.98434766,-3.47730424,25,0,0,5,12,8,-999,-999,-999,-999,-999,-999,20.263500213623,0.00604300014674664,0.0903559997677803,18.8225994110107,0.0178479999303818,0.0607759989798069,18.8208999633789,0.0297989994287491,0.0851439982652664
204.37004203,41.92773724,158312043700963927,204.3700665,41.92774315,45,0,6,18,8,13,-999,-999,-999,21.2903003692627,0.043809000402689,0.134533002972603,19.614200592041,0.0144849997013807,0.0737159997224808,19.6056995391846,0.0249639991670847,0.0858040004968643,19.3398990631104,0.0444910004734993,0.17485299706459
205.06263381,39.44185963,155332050626150873,205.06266439,39.44188267,56,0,12,20,14,10,-999,-999,-999,21.32080078125,0.0279690008610487,0.0956130027770996,19.6669006347656,0.0144680002704263,0.0819730013608933,19.4713001251221,0.0228589996695518,0.114799000322819,19.3132991790771,0.0545840002596378,0.106756001710892
205.16766666,28.22448888,141862051676579979,205.16765918,28.22452825,49,0,2,12,18,17,-999,-999,-999,21.9969005584717,0.12831799685955,0.182017996907234,20.1580009460449,0.0113059999421239,0.0279949996620417,19.711799621582,0.0163439996540546,0.0814509987831116,19.559700012207,0.0342659987509251,0.152972996234894
205.42274999,46.18619444,163422054227864071,205.42272069,46.18616411,39,0,2,24,8,5,-999,-999,-999,21.7169990539551,0.176789000630379,-999,20.3201999664307,0.0134610002860427,0.0615019984543324,20.5041007995605,0.0559710003435612,0.163543000817299,19.5277004241943,0.35707700252533,0.546033024787903
205.4750816,35.16825393,150202054750352522,205.47506577,35.1682752,48,0,7,17,13,11,-999,-999,-999,21.5153007507324,0.0290099997073412,0.0947339981794357,19.8369007110596,0.0122560001909733,0.0851640030741692,19.8668994903564,0.02653600089252,0.129711002111435,19.5323009490967,0.044514998793602,0.181207999587059
206.36092677,23.49704816,136192063609006942,206.36092601,23.49702698,47,0,12,12,11,12,-999,-999,-999,20.8199005126953,0.0383119992911816,0.126398995518684,19.0639991760254,0.00808000005781651,0.0276539996266365,18.6940994262695,0.00707100005820394,0.0258760005235672,18.269100189209,0.025110000744462,0.135267004370689
209.205856,-26.708397,75952092058000181,209.20583246,-26.70838882,30,0,0,0,18,12,-999,-999,-999,-999,-999,-999,-999,-999,-999,19.4610996246338,0.017433999106288,0.135089993476868,19.4557991027832,0.0386760011315346,0.146285995841026
209.44724999,53.09513888,171712094470784913,209.44726014,53.09515724,17,0,0,9,6,2,-999,-999,-999,-999,-999,-999,21.1331996917725,0.0297960005700588,0.0785650014877319,20.801700592041,0.0409890003502369,0.078345000743866,20.2087001800537,0.0106499996036291,0.0211919993162155
210.4472342,27.82639831,141392104472742263,210.44724354,27.82641794,6,0,0,0,6,0,-999,-999,-999,-999,-999,-999,-999,-999,-999,21.0564002990723,0.105535998940468,0.229600995779037,-999,-999,-999
210.727772,40.40088527,156482107277871722,210.72774751,40.40084902,7,0,0,0,7,0,-999,-999,-999,-999,-999,-999,-999,-999,-999,20.9148006439209,0.0687140002846718,0.209191992878914,-999,-999,-999
210.8297035,9.04749814,118852108297147551,210.82971535,9.04750213,15,0,0,0,13,2,-999,-999,-999,-999,-999,-999,-999,-999,-999,20.367000579834,0.0350309982895851,0.141093000769615,20.0506000518799,0.155120998620987,-999
210.87222,-12.009482,93582108723589092,210.87224826,-12.00949996,3,0,0,0,3,0,-999,-999,-999,-999,-999,-999,-999,-999,-999,20.9479007720947,0.0470860004425049,0.0942220017313957,-999,-999,-999
212.09549999,53.00580555,171602120953897649,212.09551183,53.00580762,21,0,0,14,6,1,-999,-999,-999,-999,-999,-999,20.9125995635986,0.0253929998725653,0.131465002894402,20.9263000488281,0.0245110001415014,0.0706870034337044,20.6791000366211,0.194162994623184,-999
212.2974337,-15.98657168,88812122974176437,212.29737777,-15.9866154,4,0,0,0,4,0,-999,-999,-999,-999,-999,-999,-999,-999,-999,20.8617000579834,0.136714994907379,0.213054999709129,-999,-999,-999
212.7970333,12.29368966,122752127970182859,212.79700162,12.29369347,16,0,0,1,11,4,-999,-999,-999,-999,-999,-999,21.8488006591797,0.254947006702423,-999,19.653299331665,0.00678899977356195,0.0282150004059076,20.2059993743896,0.37602499127388,0.518471002578735
213.36299,-22.561737,80922133629896242,213.36298483,-22.561741,15,0,0,0,11,4,-999,-999,-999,-999,-999,-999,-999,-999,-999,19.6821994781494,0.0186000000685453,0.139996007084847,19.8118000030518,0.0892350003123283,0.226291999220848
213.51816666,51.25994444,169512135181562629,213.51818034,51.25997492,16,0,0,12,1,3,-999,-999,-999,-999,-999,-999,21.6679000854492,0.050331000238657,0.276897996664047,21.5974006652832,0.186321005225182,-999,20.4297008514404,0.185695007443428,0.286031991243362
213.63154166,57.54280555,177052136315392230,213.63146085,57.54285642,19,0,0,17,1,1,-999,-999,-999,-999,-999,-999,21.3817005157471,0.0471940003335476,0.157468006014824,21.3498001098633,0.161761000752449,-999,20.5279998779297,0.176083996891975,-999
213.7329225,-13.48035431,91822137328723990,213.73287844,-13.48034913,10,1,0,0,9,0,21.8563995361328,0.17417100071907,-999,-999,-999,-999,-999,-999,-999,20.8847007751465,0.062900997698307,0.171574994921684,-999,-999,-999
215.15143,-16.041735,88752151514110231,215.15134354,-16.04175979,35,0,0,11,14,10,-999,-999,-999,-999,-999,-999,21.4668006896973,0.136331006884575,0.185779005289078,19.1937999725342,0.0234210006892681,0.0710610002279282,19.1895999908447,0.0340900011360645,0.100193999707699
215.85800711,13.05019556,123662158579970772,215.85800995,13.05020244,50,0,12,17,11,10,-999,-999,-999,20.922399520874,0.0275320000946522,0.133156999945641,19.5583992004395,0.0116360001266003,0.0541249997913837,19.3948001861572,0.0216049998998642,0.0530049987137318,19.1406002044678,0.0217179991304874,0.0849699974060059
216.3180505,32.90265034,147482163180153750,216.31803501,32.90265832,17,0,0,0,15,2,-999,-999,-999,-999,-999,-999,-999,-999,-999,20.4752006530762,0.0349280014634132,0.167476996779442,20.3542995452881,0.0663369968533516,0.0970200002193451
216.32383333,-0.26136111,107682163232986884,216.32333407,-0.26125244,2,1,0,1,0,0,21.6916999816895,0.224792003631592,-999,-999,-999,-999,21.8481998443604,0.202898994088173,-999,-999,-999,-999,-999,-999,-999
216.87370833,35.36916111,150442168737203712,216.87369795,35.36920523,10,0,0,6,4,0,-999,-999,-999,-999,-999,-999,21.7868003845215,0.0651210024952888,0.195596992969513,21.1893005371094,0.144584000110626,0.22791799902916,-999,-999,-999
217.0891328,-16.04536083,88742170890976005,217.08911254,-16.04538869,20,0,0,0,12,8,-999,-999,-999,-999,-999,-999,-999,-999,-999,20.5825996398926,0.0468389987945557,0.139062002301216,19.7465991973877,0.086557000875473,0.212953999638557
217.40820833,33.07116666,147682174081896016,217.40814999,33.07119241,22,0,0,17,4,1,-999,-999,-999,-999,-999,-999,21.3229007720947,0.0615059994161129,0.178701996803284,20.722900390625,0.0471329987049103,0.094760999083519,20.5851001739502,0.161532998085022,-999
217.9185333,-7.41207447,99102179184955883,217.91849075,-7.41209711,7,0,0,0,4,3,-999,-999,-999,-999,-999,-999,-999,-999,-999,21.0804996490479,0.102224998176098,0.172996997833252,20.3987998962402,0.113050997257233,0.202568992972374
219.02084569,21.54423663,133852190208293647,219.02083548,21.54423954,50,0,9,9,18,14,-999,-999,-999,21.6291007995605,0.0180939994752407,0.073572002351284,20.084400177002,0.0274190008640289,0.0723839998245239,19.6984996795654,0.0241609998047352,0.133192002773285,19.4643001556396,0.0731149986386299,0.132485002279282
219.0489157,50.11865442,168142190489792983,219.04888108,50.11861608,16,0,0,0,12,4,-999,-999,-999,-999,-999,-999,-999,-999,-999,20.1951007843018,0.0190769992768765,0.152593001723289,20.1396007537842,0.025696000084281,0.133185997605324
219.4659379,23.3870416,136062194660465030,219.46593845,23.38703528,26,0,6,3,12,5,-999,-999,-999,21.3591995239258,0.0509909987449646,0.0808510035276413,19.5631008148193,0.00678399996832013,0.0157559998333454,19.5076999664307,0.0477209985256195,0.121951997280121,19.1483001708984,0.0624129995703697,0.121361002326012
220.96111436,36.3875378,151662209611425704,220.96111795,36.387588,63,0,2,26,18,17,-999,-999,-999,21.735200881958,0.0365340001881123,0.108603000640869,20.0545997619629,0.0407700017094612,0.125554993748665,19.6341991424561,0.0194729994982481,0.0801900029182434,19.1128997802734,0.0422490015625954,0.119276002049446
225.153499,28.2675083,141922251535061662,225.153506,28.26751832,41,0,1,16,13,11,-999,-999,-999,21.8024005889893,0.159082993865013,-999,20.2950000762939,0.0167590007185936,0.0666270032525063,19.4773006439209,0.0255999993532896,0.113833002746105,19.3456001281738,0.0424970015883446,0.128241002559662
227.42408,-17.824111,86612274239791419,227.42402904,-17.82412449,14,0,0,0,10,4,-999,-999,-999,-999,-999,-999,-999,-999,-999,20.1875991821289,0.075484998524189,0.158359006047249,19.656400680542,0.0897239968180656,0.141326993703842
227.64705421,51.81141544,170172276470944359,227.64706284,51.81141842,47,0,3,17,15,12,-999,-999,-999,21.3530006408691,0.132411003112793,0.297010987997055,19.9333000183105,0.0169549994170666,0.0909570008516312,20.0277004241943,0.0231759995222092,0.0982799977064133,19.368200302124,0.0164470002055168,0.115944996476173
228.41516666,8.90180555,118682284151952817,228.41514481,8.90187562,42,0,1,21,12,8,-999,-999,-999,22.0102005004883,0.18571999669075,-999,20.7894992828369,0.031360998749733,0.133619993925095,20.1002006530762,0.0237199999392033,0.118104003369808,19.886100769043,0.0421749986708164,0.106686003506184
228.6871163,21.23882642,133482286871547190,228.68708996,21.23882194,7,0,0,0,7,0,-999,-999,-999,-999,-999,-999,-999,-999,-999,20.6830005645752,0.0637219995260239,0.195254996418953,-999,-999,-999
230.7620833,59.2758444,179132307621691763,230.76206296,59.27581397,63,0,10,20,16,17,-999,-999,-999,21.0445995330811,0.047749001532793,0.141637995839119,19.3633003234863,0.0160099994391203,0.06564100086689,19.1522998809814,0.00857600010931492,0.0473360009491444,18.8708992004395,0.017128000035882,0.214708998799324
230.94041905,33.79995642,148562309404270570,230.94041904,33.79990146,35,0,1,17,11,6,-999,-999,-999,21.714599609375,0.189855992794037,-999,20.548999786377,0.0179479997605085,0.124665997922421,20.4090003967285,0.0231369994580746,0.108589999377728,20.034200668335,0.0687879994511604,0.143895998597145
231.01708333,8.27758333,117932310171033637,231.01707846,8.27759922,27,0,0,12,11,4,-999,-999,-999,-999,-999,-999,20.9703006744385,0.0502539984881878,0.134782001376152,21.0083999633789,0.0483510009944439,0.228628993034363,20.2922992706299,0.0302239991724491,0.0706209987401962
231.65767083,-20.83351667,83002316576720115,231.65769563,-20.8335776,3,0,0,0,0,3,-999,-999,-999,-999,-999,-999,-999,-999,-999,-999,-999,-999,19.801700592041,0.0643339976668358,0.21765199303627
231.80358333,6.68941666,116022318035767786,231.80357166,6.68944316,39,0,1,11,14,13,-999,-999,-999,21.1800994873047,0.182478994131088,-999,21.3635005950928,0.0282770004123449,0.184404000639915,19.9066009521484,0.0168379992246628,0.114600002765656,19.7148990631104,0.0331170000135899,0.167355000972748
233.74898973,13.45039414,124142337490320976,233.74898246,13.4504015,39,0,0,18,12,9,-999,-999,-999,-999,-999,-999,19.9421005249023,0.029551999643445,0.0983320027589798,20.5755004882813,0.0302600003778934,0.197049006819725,20.0951995849609,0.0151610001921654,0.0976120010018349
233.886958,19.72225,131662338869087194,233.88690231,19.72227823,2,0,0,0,0,2,-999,-999,-999,-999,-999,-999,-999,-999,-999,-999,-999,-999,20.1110000610352,0.026520999148488,0.0376669988036156
235.9450668,17.00790591,128412359450740039,235.94504611,17.00788466,17,0,0,0,12,5,-999,-999,-999,-999,-999,-999,-999,-999,-999,20.2374000549316,0.0280629992485046,0.123805001378059,19.8096008300781,0.16363400220871,0.296653985977173
236.2912415,16.60886345,127932362911791181,236.29120642,16.60883691,10,0,0,0,9,1,-999,-999,-999,-999,-999,-999,-999,-999,-999,20.7250003814697,0.0527089983224869,0.187255993485451,20.3398990631104,0.18877999484539,-999
236.467041,60.47332022,180562364669978668,236.46701238,60.47330523,24,0,0,8,10,6,-999,-999,-999,-999,-999,-999,21.3451995849609,0.0540810003876686,0.124904997646809,18.922399520874,0.00995500013232231,0.0354299992322922,19.2518005371094,0.0144279999658465,0.10649199783802
238.8510335,-6.89766289,99722388510623210,238.85101395,-6.89766822,9,0,0,0,9,0,-999,-999,-999,-999,-999,-999,-999,-999,-999,20.6795997619629,0.0418610014021397,0.0906279981136322,-999,-999,-999
239.7124609,-7.40266413,99112397124407181,239.71241298,-7.40270683,18,0,0,0,9,9,-999,-999,-999,-999,-999,-999,-999,-999,-999,19.9736003875732,0.0228279996663332,0.177976995706558,19.4894008636475,0.0391689985990524,0.149211004376411
240.2964999,-18.4764111,85822402965668683,240.29654684,-18.47639659,22,0,1,10,7,4,-999,-999,-999,21.7182006835938,0.149742007255554,-999,20.4125995635986,0.0291349999606609,0.0838209986686707,19.944299697876,0.0623009987175465,0.157665997743607,19.3941993713379,0.0825420022010803,0.234017997980118
240.7249088,42.47359515,158962407248498959,240.72491499,42.47357145,24,0,0,0,14,10,-999,-999,-999,-999,-999,-999,-999,-999,-999,20.1574993133545,0.0351470001041889,0.133816003799438,19.6637992858887,0.0949999988079071,0.212246999144554
242.4052913,30.69660519,144832424053786526,242.40529309,30.69658327,4,0,0,0,2,2,-999,-999,-999,-999,-999,-999,-999,-999,-999,20.6685009002686,0.0789119973778725,0.157440006732941,20.0641994476318,0.212027996778488,0.339349001646042
242.43971,-12.98169708,92422424396852312,242.43969309,-12.98172116,5,0,0,0,5,0,-999,-999,-999,-999,-999,-999,-999,-999,-999,20.0401992797852,0.0447149984538555,0.0756919980049133,-999,-999,-999
242.56966544,41.29827146,157552425696278577,242.5696669,41.29828136,61,0,9,24,13,15,-999,-999,-999,21.8083000183105,0.070082001388073,0.183276996016502,20.2143001556396,0.0194540005177259,0.0983679965138435,20.1287002563477,0.0313719995319843,0.126036003232002,19.7737998962402,0.0585419982671738,0.157791003584862
243.60470833,46.67470555,164012436047710325,243.60477597,46.67471189,42,0,0,22,12,8,-999,-999,-999,-999,-999,-999,20.1819000244141,0.0189929995685816,0.0761080011725426,19.9078006744385,0.0394829995930195,0.182721003890038,19.5918006896973,0.061124000698328,0.148493006825447
243.647333,1.245775,109492436473305414,243.6473371,1.24577719,33,0,0,13,15,5,-999,-999,-999,-999,-999,-999,21.6483001708984,0.0618569999933243,0.191715002059937,19.8187007904053,0.0356139987707138,0.163233995437622,19.8150997161865,0.11506699770689,0.291280001401901
243.696,20.98415833,133182436960411569,243.69599088,20.98412519,54,0,11,15,16,12,-999,-999,-999,21.3320999145508,0.0500149987637997,0.135881006717682,19.9682006835938,0.0249179992824793,0.11481499671936,19.6415996551514,0.0317719988524914,0.115810997784138,19.3064002990723,0.031072000041604,0.150665000081062
245.0636766,-0.19786005,107762450636472967,245.06367809,-0.19789272,4,0,0,0,4,0,-999,-999,-999,-999,-999,-999,-999,-999,-999,21.1054992675781,0.201897993683815,-999,-999,-999,-999
245.25383,51.93022,170312452537937020,245.25382341,51.93022308,31,0,0,5,15,11,-999,-999,-999,-999,-999,-999,21.6471004486084,0.126637995243073,0.236175999045372,20.0261001586914,0.0349199995398521,0.14156100153923,19.8733005523682,0.0777750015258789,0.312348991632462
245.8136666,47.0999722,164522458136420600,245.81363654,47.09995708,69,0,14,27,12,16,-999,-999,-999,20.8943996429443,0.0306850001215935,0.0698719993233681,19.4115009307861,0.0100250001996756,0.0550480000674725,19.0841999053955,0.0200340002775192,0.0722900032997131,18.8976993560791,0.0290290005505085,0.148909002542496
245.8825602,31.20014751,145442458825360756,245.88254447,31.20013975,12,0,0,0,8,4,-999,-999,-999,-999,-999,-999,-999,-999,-999,20.0132999420166,0.0363069996237755,0.204107001423836,20.1634006500244,0.139014005661011,0.241833001375198
246.61042035,27.85902656,141432466104531413,246.61043115,27.8590206,66,0,14,19,16,17,-999,-999,-999,21.3421001434326,0.0354579985141754,0.22647200524807,19.2054996490479,0.00999699998646975,0.0564920008182526,18.6884002685547,0.00822700001299381,0.0409010015428066,18.423999786377,0.014236000366509,0.0757960006594658
246.62167,28.98266,142772466217149726,246.62164809,28.98265552,40,0,9,13,12,6,-999,-999,-999,21.4097003936768,0.0245210006833076,0.179269000887871,19.9547004699707,0.0146139999851584,0.0582999996840954,19.6835994720459,0.0303930006921291,0.108575999736786,19.4841995239258,0.0467609986662865,0.13952599465847
247.29706666,24.12770556,136952472971333851,247.29705038,24.12768601,7,0,0,0,0,7,-999,-999,-999,-999,-999,-999,-999,-999,-999,-999,-999,-999,19.880199432373,0.132257997989655,0.273957997560501
247.6412639,40.20269293,156242476412703838,247.64123251,40.20264727,11,0,0,0,10,1,-999,-999,-999,-999,-999,-999,-999,-999,-999,20.4391002655029,0.0476729981601238,0.141978994011879,19.9580993652344,0.13773700594902,-999
250.3405347,37.92226289,153502503405457294,250.34053688,37.92222212,2,0,0,0,2,0,-999,-999,-999,-999,-999,-999,-999,-999,-999,21.2192993164063,0.105084002017975,0.148615002632141,-999,-999,-999
252.676083,16.2893055,127542526760577644,252.67605564,16.28930302,38,0,0,18,12,8,-999,-999,-999,-999,-999,-999,21.0340003967285,0.0277709998190403,0.152276992797852,19.8339004516602,0.0436290018260479,0.113435000181198,19.7509002685547,0.0438789986073971,0.110547997057438
254.1477499,45.6870972,162822541478085157,254.14778192,45.6870732,62,0,10,24,14,14,-999,-999,-999,21.3155002593994,0.0859140008687973,0.206048995256424,19.6791000366211,0.0108580002561212,0.0959369987249374,19.1933994293213,0.0243710000067949,0.0957600027322769,19.096700668335,0.0268040001392365,0.0870959982275963
254.962625,32.6579527,147192549626080161,254.96262737,32.65795855,62,0,10,19,18,15,-999,-999,-999,21.5851001739502,0.0238210000097752,0.141673997044563,19.8752994537354,0.0177110005170107,0.134389996528625,19.7985000610352,0.0287650004029274,0.124015003442764,19.4465007781982,0.0360900014638901,0.199973002076149
267.00211,22.78121067,135332670020648037,267.0021027,22.78119877,6,0,0,0,6,0,-999,-999,-999,-999,-999,-999,-999,-999,-999,20.9491004943848,0.0413919985294342,0.0935140028595924,-999,-999,-999
268.18375,50.6091805,168732681838131713,268.18374323,50.60918966,72,0,8,28,18,18,-999,-999,-999,21.0604991912842,0.0227830000221729,0.0489940010011196,18.9757995605469,0.00863599963486195,0.0694800019264221,19.0247001647949,0.0144109996035695,0.0732249990105629,18.8246002197266,0.0156740006059408,0.0737029984593391
293.031765,71.65233549,193982930315523586,293.03177741,71.65234384,12,0,0,0,10,2,-999,-999,-999,-999,-999,-999,-999,-999,-999,20.0028991699219,0.0506599992513657,0.169392004609108,19.9661998748779,0.190650999546051,0.419571995735168
308.0416401,-21.23397495,82513080416119616,308.04164519,-21.23398855,5,0,0,0,5,0,-999,-999,-999,-999,-999,-999,-999,-999,-999,20.8187999725342,0.117376998066902,0.305539011955261,-999,-999,-999
308.48297,-27.6485,74823084829622109,308.48299113,-27.64853127,21,0,0,1,18,2,-999,-999,-999,-999,-999,-999,21.7467994689941,0.185769006609917,-999,19.7381000518799,0.0298100002110004,0.164744004607201,19.817699432373,0.0765720009803772,0.109359003603458
313.52704,-0.0874444,107893135271345579,313.52706369,-0.08737691,5,0,0,0,4,1,-999,-999,-999,-999,-999,-999,-999,-999,-999,20.8237991333008,0.0140549996867776,0.0358439981937408,20.0379009246826,0.232540994882584,-999
319.5530416,-0.0640833,107923195530613484,319.55309009,-0.06412338,6,0,0,6,0,0,-999,-999,-999,-999,-999,-999,21.5457992553711,0.0696339979767799,0.215856999158859,-999,-999,-999,-999,-999,-999
319.60403,-10.93262,94883196040161242,319.60402678,-10.93264786,20,0,0,0,15,5,-999,-999,-999,-999,-999,-999,-999,-999,-999,20.0214996337891,0.0259569995105267,0.131685003638268,19.7338008880615,0.109792999923229,0.218805998563766
319.86799999,10.48516666,120583198679972730,319.86799057,10.48517065,41,0,3,21,13,4,-999,-999,-999,22.1569004058838,0.0816600024700165,0.142871007323265,20.6298007965088,0.0227979999035597,0.152639999985695,20.4365997314453,0.0630280002951622,0.27870500087738,20.0226001739502,0.0824370011687279,0.242731004953384
320.87033,-24.3604,78763208702447820,320.87025372,-24.36045481,9,0,0,0,9,0,-999,-999,-999,-999,-999,-999,-999,-999,-999,20.2780990600586,0.0454410016536713,0.121564000844955,-999,-999,-999
323.13829583,12.29868333,122753231382818873,323.13824701,12.29864411,19,0,0,0,1,18,-999,-999,-999,-999,-999,-999,-999,-999,-999,21.2527008056641,0.183184996247292,-999,19.2632007598877,0.0417720004916191,0.129234001040459
323.13829583,12.29868333,122753231384238930,323.13836138,12.29866769,2,0,0,0,1,1,-999,-999,-999,-999,-999,-999,-999,-999,-999,21.0464000701904,0.18690299987793,-999,19.3686008453369,0.165435999631882,-999
325.66362499,-1.33341666,106403256637590380,325.66369745,-1.33339665,26,0,0,15,9,2,-999,-999,-999,-999,-999,-999,21.1730003356934,0.0317769981920719,0.133254006505013,20.1257991790771,0.0321610011160374,0.0958179980516434,20.0538997650146,0.0359430015087128,0.0513189993798733
328.7339966,-9.5076274,96593287339941266,328.73403747,-9.50763318,8,0,0,1,5,2,-999,-999,-999,-999,-999,-999,21.3887996673584,0.241308003664017,-999,20.7290000915527,0.0154109997674823,0.0296420007944107,20.080099105835,0.266891002655029,0.378506988286972
330.2776249,3.035475,111643302776143032,330.27762999,3.03545807,63,0,12,30,13,8,-999,-999,-999,20.880500793457,0.0263689998537302,0.110274001955986,19.3656997680664,0.00939199980348349,0.0393970012664795,19.2436008453369,0.0197170004248619,0.0599800013005733,18.9694995880127,0.0634720027446747,0.111345998942852
330.6115416,15.16455,126193306115887976,330.61155207,15.16454106,45,0,8,18,9,10,-999,-999,-999,20.4775009155273,0.0284950006753206,0.115410998463631,18.8875999450684,0.00618299981579185,0.0366889983415604,18.6763000488281,0.010045999661088,0.0299609992653131,18.4127006530762,0.0225430000573397,0.104887001216412
330.63833333,1.52230555,109823306383647172,330.63836088,1.52226237,4,0,0,4,0,0,-999,-999,-999,-999,-999,-999,22.0063991546631,0.0224459990859032,0.0524769984185696,-999,-999,-999,-999,-999,-999
331.6450417,2.02675,110433316450852518,331.64507755,2.02674329,7,0,0,6,1,0,-999,-999,-999,-999,-999,-999,21.721399307251,0.0419079996645451,0.0922639966011047,21.2777004241943,0.148497000336647,-999,-999,-999,-999
331.7921666,-4.2823,102863317922071624,331.79218699,-4.28229338,50,0,0,25,12,13,-999,-999,-999,-999,-999,-999,19.7052001953125,0.0115470001474023,0.116495996713638,19.1240997314453,0.0295850001275539,0.100093998014927,19.0415992736816,0.0292670000344515,0.194284006953239
332.654125,2.7204722,111263326541574979,332.65413506,2.72041881,18,0,0,15,3,0,-999,-999,-999,-999,-999,-999,21.3778991699219,0.0321840010583401,0.172246992588043,20.8740005493164,0.0434949994087219,0.0709969997406006,-999,-999,-999
332.92087499,0.18858333,108223329209516724,332.92090198,0.1885578,4,0,0,4,0,0,-999,-999,-999,-999,-999,-999,21.7919998168945,0.106563001871109,0.202379003167152,-999,-999,-999,-999,-999,-999
333.21454166,-0.70852777,107153332145820203,333.21458548,-0.70854553,39,0,4,23,7,5,-999,-999,-999,21.7425994873047,0.0574409998953342,0.112359002232552,20.2262001037598,0.0162070002406836,0.064631000161171,20.2248001098633,0.0943740010261536,0.234467998147011,19.5949001312256,0.10003600269556,0.242585003376007
333.83425,-0.15233333,107813338341817669,333.83424136,-0.1523275,3,0,0,3,0,0,-999,-999,-999,-999,-999,-999,21.7588005065918,0.0237729996442795,0.0365340001881123,-999,-999,-999,-999,-999,-999
333.9859789,26.10816837,139333339860390255,333.98600873,26.10815135,6,0,0,0,4,2,-999,-999,-999,-999,-999,-999,-999,-999,-999,20.8924007415771,0.0928589999675751,0.223196998238564,20.4727001190186,0.0694169998168945,0.103611998260021
334.18341666,0.23002778,108273341833946541,334.18339215,0.23004265,42,0,4,25,11,2,-999,-999,-999,21.7999992370605,0.00914500001817942,0.0174720007926226,20.3675994873047,0.0274420008063316,0.131794005632401,20.2915000915527,0.0321930013597012,0.111175999045372,19.8349990844727,0.166217997670174,-999
335.07704,-1.02969114,106763350770234684,335.07704031,-1.02971482,13,0,0,3,9,1,-999,-999,-999,-999,-999,-999,21.6436004638672,0.0163289997726679,0.156856998801231,20.4116992950439,0.0422520004212856,0.129933997988701,19.8125991821289,0.174268007278442,-999
336.3099166,3.5034722,112203363099254239,336.30994777,3.50315863,2,0,0,2,0,0,-999,-999,-999,-999,-999,-999,22.3586006164551,0.00138399994466454,-999,-999,-999,-999,-999,-999,-999
336.3099166,3.5034722,112203363099524634,336.30997168,3.50345231,55,0,4,33,10,8,-999,-999,-999,22.0653991699219,0.15183100104332,0.379182010889053,20.2493000030518,0.014809999614954,0.0842960029840469,20.1573009490967,0.0360440015792847,0.230994001030922,19.737699508667,0.0479280017316341,0.135747998952866
336.5517083,-6.3020249,100433365516987999,336.55173344,-6.30204639,81,0,19,29,16,17,-999,-999,-999,20.4444999694824,0.0240739993751049,0.163784995675087,18.9312992095947,0.00718499999493361,0.0691139996051788,18.7915000915527,0.0164000000804663,0.0667280033230782,18.597900390625,0.0180840007960796,0.101879999041557
337.18812499,-7.96538333,98443371880461957,337.18807538,-7.96537227,59,0,8,28,15,8,-999,-999,-999,21.8418998718262,0.0540399998426437,0.168686002492905,20.0450000762939,0.00869499985128641,0.0748329982161522,20.0646991729736,0.0370370000600815,0.143205001950264,19.631799697876,0.0479010008275509,0.170748993754387
337.19879166,1.87791667,110253371985113666,337.19848976,1.87779628,2,0,1,0,1,0,-999,-999,-999,21.3770008087158,0.229056000709534,-999,-999,-999,-999,20.074800491333,0.246490001678467,-999,-999,-999,-999
338.3651666,-1.1178888,106653383652358953,338.36518901,-1.1178737,4,0,0,4,0,0,-999,-999,-999,-999,-999,-999,21.7015991210938,0.0823810026049614,0.213866993784904,-999,-999,-999,-999,-999,-999
339.7091666,-0.4505,107453397091569828,339.70917276,-0.45052944,19,0,0,17,2,0,-999,-999,-999,-999,-999,-999,21.4640007019043,0.0250489991158247,0.086608998477459,21.2763004302979,0.153845995664597,0.30587100982666,-999,-999,-999
339.7814999,0.5062777,108603397815368005,339.78150498,0.50626941,26,0,0,21,5,0,-999,-999,-999,-999,-999,-999,21.3236999511719,0.04356300085783,0.194479003548622,21.0976009368896,0.0519310012459755,0.111015997827053,-999,-999,-999
340.20417,-18.66217,85603402040735734,340.20405039,-18.66220486,14,0,0,0,11,3,-999,-999,-999,-999,-999,-999,-999,-999,-999,20.2129001617432,0.0248160008341074,0.104714997112751,19.7700996398926,0.177206993103027,0.37176901102066
341.3511249,0.4039444,108483413511315225,341.351168,0.40395413,15,0,0,15,0,0,-999,-999,-999,-999,-999,-999,21.5807991027832,0.0557550005614758,0.219524994492531,-999,-999,-999,-999,-999,-999
346.89729,0.5303888,108633468972546891,346.89733306,0.53040042,2,0,0,0,2,0,-999,-999,-999,-999,-999,-999,-999,-999,-999,21.6541004180908,0.109912998974323,0.155467003583908,-999,-999,-999
347.6620586,18.92220166,130703476620867134,347.66206879,18.92217604,26,0,0,3,11,12,-999,-999,-999,-999,-999,-999,21.5235996246338,0.108397997915745,0.112922996282578,19.6308002471924,0.0195719990879297,0.0676280036568642,19.1075992584229,0.037432000041008,0.126629993319511
348.0684999,1.0143055,109213480684587666,348.06848938,1.01428853,29,0,1,21,6,1,-999,-999,-999,22.1592998504639,0.248848006129265,-999,20.967399597168,0.0300660002976656,0.119865000247955,20.9465007781982,0.0935579985380173,0.320345014333725,19.8953990936279,0.156119003891945,-999
348.94404,-0.3994722,107523489441011237,348.94411141,-0.39941015,6,0,0,0,5,1,-999,-999,-999,-999,-999,-999,-999,-999,-999,20.9323997497559,0.0952420011162758,0.216949999332428,19.9627990722656,0.181274995207787,-999
349.409375,22.7360083,135283494093713757,349.40937356,22.736008,40,0,1,14,13,12,-999,-999,-999,21.6889991760254,0.185029998421669,-999,20.493200302124,0.0161070004105568,0.0665360018610954,19.3770999908447,0.0155729996040463,0.0799999982118607,19.3411998748779,0.0430260002613068,0.181854993104935
351.3093508,26.47995309,139773513093206500,351.30934303,26.47991436,32,0,0,3,16,13,-999,-999,-999,-999,-999,-999,21.93869972229,0.0752559974789619,0.106559999287128,19.6622009277344,0.0207230001688004,0.0919929966330528,19.5058002471924,0.0226879995316267,0.110633000731468
351.40266666,-5.89119444,100933514026340959,351.40266116,-5.89123198,61,0,19,18,10,14,-999,-999,-999,21.4312000274658,0.0221759993582964,0.0967079997062683,19.8640995025635,0.0176439993083477,0.0661839991807938,19.3003997802734,0.0332089997828007,0.0769720003008842,19.2129993438721,0.04313899949193,0.130798995494843
352.41375,30.0641055,144073524137397548,352.41375432,30.06410719,37,0,8,11,10,8,-999,-999,-999,21.1758995056152,0.0252180006355047,0.083076000213623,19.5496006011963,0.0103399995714426,0.0405049994587898,19.1713008880615,0.0121229998767376,0.0363380014896393,18.9244003295898,0.0794660001993179,0.198138996958733
352.53629166,9.96213888,119953525362755019,352.53632359,9.96210699,40,0,1,17,15,7,-999,-999,-999,21.9708995819092,0.190406993031502,-999,20.6543998718262,0.0220660008490086,0.103410996496677,20.0846996307373,0.0418410003185272,0.131886005401611,19.9188003540039,0.0876530036330223,0.15378500521183
353.7293749,-0.1728055,107793537294023067,353.72941717,-0.1728317,10,0,0,7,3,0,-999,-999,-999,-999,-999,-999,21.5268001556396,0.0532420016825199,0.175537005066872,20.9018993377686,0.102880001068115,0.153899997472763,-999,-999,-999
356.1395833,16.8879111,128263561395686036,356.13958035,16.88793197,43,0,6,12,12,13,-999,-999,-999,20.482400894165,0.0176909994333982,0.0504610016942024,18.6525993347168,0.00782399997115135,0.0255130007863045,18.7418003082275,0.0144170001149178,0.0422430001199245,18.4099998474121,0.0143870003521442,0.0570610016584396
357.85129166,-4.98536111,102013578513087989,357.85125478,-4.98538991,51,0,11,23,13,4,-999,-999,-999,21.9813995361328,0.109031997621059,0.242185994982719,20.4058990478516,0.0204930007457733,0.0882410034537315,20.0701999664307,0.0252369996160269,0.108341999351978,19.5296001434326,0.0545010007917881,0.301465004682541
359.1352149,-6.38312644,100343591352060652,359.13521424,-6.38313849,13,0,0,0,8,5,-999,-999,-999,-999,-999,-999,-999,-999,-999,20.1035995483398,0.0545129999518394,0.176675006747246,20.0114002227783,0.039097998291254,0.0898360013961792
359.60016666,6.57705555,115893596001383044,359.60020937,6.5770709,85,0,13,39,16,17,-999,-999,-999,21.6462001800537,0.0690969973802567,0.243653997778893,19.9978008270264,0.0106680002063513,0.09442999958992,19.4388008117676,0.0279259998351336,0.099872000515461,19.1553001403809,0.0252839997410774,0.121134996414185