1,2,3,4,5,6,9,10
-999999500.0,-999999500.0,19.284585999999997,-999999500.0,-999999500.0,-999999500,-999999500.0,-999999500
-999999500.0,21.456020000000002,-999999500.0,22.906454,22.193125,-999999500,-999999500.0,-999999500
23.203968,22.69086,23.559515,22.977216499999997,21.868764,-999999500,-999999500.0,-999999500
24.148207,23.6447525,23.9930945,-499999738.479722,-499999737.9020605,-999999500,-999999500.0,-999999500
-999999500.0,22.5472565,21.839814500000003,21.057593,20.916095,-999999500,-999999500.0,-999999500
23.79124,24.1730135,-999999500.0,21.348715,-499999739.085331,-999999500,-999999500.0,-999999500
-999999500.0,22.129938,22.6425855,22.857024,22.119245,-999999500,-999999500.0,-999999500
-999999500.0,22.838457000000002,-999999500.0,21.913746,-999999500.0,-999999500,-999999500.0,-999999500
-999999500.0,22.660583,22.5056315,-499999738.402939,-999999500.0,-999999500,-999999500.0,-999999500
-999999500.0,-999999500.0,22.442429500000003,-499999738.9350035,22.2507075,-999999500,-999999500.0,-999999500
-999999500.0,21.788446,22.0669845,-999999500.0,21.700897,-999999500,-999999500.0,-999999500
-999999500.0,23.554636,22.776101999999998,-999999500.0,-999999500.0,-999999500,-999999500.0,-999999500
-999999500.0,-999999500.0,22.249982000000003,-499999739.159363,22.122194999999998,-999999500,-999999500.0,-999999500
-999999500.0,-999999500.0,22.204939000000003,-999999500.0,-999999500.0,-999999500,-999999500.0,-999999500
-999999500.0,20.937492000000002,20.8559,20.511886999999998,21.19593,-999999500,-999999500.0,-999999500
20.816833,20.740639,20.641351,20.08215,20.382395000000002,-999999500,-999999500.0,-999999500
-999999500.0,20.720482,20.742325,-999999500.0,-999999500.0,-999999500,-999999500.0,-999999500
-999999500.0,-999999500.0,21.169075,-999999500.0,20.676682999999997,-999999500,-999999500.0,-999999500
-999999500.0,-999999500.0,21.830773999999998,-999999500.0,-999999500.0,-999999500,-999999500.0,-999999500
-999999500.0,22.552618,23.492054,-999999500.0,23.333597,-999999500,-999999500.0,-999999500
-999999500.0,21.38305,21.2467,20.681776,21.86137,-999999500,-999999500.0,-999999500
-999999500.0,23.305492,21.608795,-999999500.0,-999999500.0,-999999500,-999999500.0,-999999500
-999999500.0,22.325570000000003,22.194933,-999999500.0,-999999500.0,-999999500,-999999500.0,-999999500
-999999500.0,22.144423,22.2033195,20.549566,20.796688,-999999500,-999999500.0,-999999500
-999999500.0,22.346770000000003,22.096328999999997,22.053378,21.7872095,-999999500,-999999500.0,-1999999000
-999999500.0,21.479633,21.614129999999996,21.6833295,20.9741705,-999999500,-999999500.0,-999999500
-999999500.0,-999999500.0,17.472929,-999999500.0,-999999500.0,-999999500,-999999500.0,-999999500
-999999500.0,20.964472,21.02832,-999999500.0,22.222473,-999999500,-999999500.0,-999999500
27.822535,21.246763,21.277882,21.133987,-999999500.0,-999999500,-999999500.0,-999999500
23.04119,20.887642,20.637539,20.677227,20.265043,-999999500,-999999500.0,-999999500
19.851329999999997,20.067368,19.820713,19.81561,19.809143,-999999500,-999999500.0,-999999500
21.434795,21.091064000000003,20.824009,-999999500.0,20.431054999999997,-999999500,-999999500.0,-999999500
21.796129999999998,21.727079,21.5637715,21.5830375,21.152753,-999999500,-999999500.0,-999999500
22.15448,21.634508,21.6493865,21.393394,21.543985499999998,-999999500,-999999500.0,-999999500
-999999500.0,22.620957999999998,21.1246025,21.454242999999998,20.918938500000003,-999999500,-999999500.0,-999999500
-999999500.0,-999999500.0,25.932997,23.574066000000002,-999999500.0,-999999500,-999999500.0,-999999500
24.508955,21.183413,21.096329,21.265467,20.518696,-999999500,-999999500.0,-999999500
-999999500.0,-999999500.0,19.135956,-999999500.0,-999999500.0,-999999500,-999999500.0,-999999500
-999999500.0,-999999500.0,20.19102,-999999500.0,-999999500.0,-999999500,-999999500.0,-999999500
-999999500.0,-999999500.0,20.261091,-999999500.0,-999999500.0,-999999500,-999999500.0,-999999500
-999999500.0,-999999500.0,20.306595,-999999500.0,-999999500.0,-999999500,-999999500.0,-999999500
-999999500.0,-999999500.0,20.736420000000003,-999999500.0,-999999500.0,-999999500,-999999500.0,-999999500
-999999500.0,-999999500.0,20.2225495,-999999500.0,19.471432,-999999500,-999999500.0,-999999500
20.257017,20.030403999999997,19.5586345,19.2634745,18.8713685,-999999500,-999999500.0,-999999500
-999999500.0,-999999500.0,19.913420000000002,-999999500.0,-999999500.0,-999999500,-999999500.0,-999999500
-999999500.0,-999999500.0,20.443699,-999999500.0,-999999500.0,-999999500,-999999500.0,-999999500
-999999500.0,-999999500.0,21.268072,-999999500.0,-999999500.0,-999999500,-999999500.0,-999999500
-999999500.0,20.872685999999998,20.739359,20.790186,19.64534,-999999500,-999999500.0,-999999500
-999999500.0,-999999500.0,19.627516,-999999500.0,-999999500.0,-999999500,-999999500.0,-999999500
-999999500.0,-999999500.0,-999999500.0,-999999500.0,-999999500.0,-999999500,-999999500.0,-999999500
21.589684,-999999500.0,21.5042765,20.816132999999997,21.060736499999997,-999999500,-999999500.0,-999999500
-999999500.0,-999999500.0,19.373274,-999999500.0,-999999500.0,-999999500,-999999500.0,-999999500
-999999500.0,-999999500.0,20.729958,19.99076,20.544788,-999999500,-999999500.0,-999999500
-999999500.0,-999999500.0,19.013725,-999999500.0,-999999500.0,-999999500,-999999500.0,-999999500
-999999500.0,-999999500.0,20.391222,20.120817000000002,19.941513,-999999500,-999999500.0,-999999500
-999999500.0,-999999500.0,19.702763,-999999500.0,-999999500.0,-999999500,-999999500.0,-999999500
-999999500.0,19.604803,19.51538,19.306383,19.5372895,-999999500,-999999500.0,-999999500
-999999500.0,-999999500.0,19.986328,-999999500.0,-999999500.0,-999999500,-999999500.0,-999999500
-999999500.0,-999999500.0,17.59903,17.482088,-999999500.0,-999999500,-999999500.0,-999999500
-999999500.0,20.913004,21.871413,21.076292000000002,21.323940999999998,-999999500,-999999500.0,-999999500
-999999500.0,-999999500.0,19.934635,-999999500.0,-999999500.0,-999999500,-999999500.0,-999999500
-999999500.0,-999999500.0,20.433199,20.040792,19.807592,-999999500,-999999500.0,-999999500
-999999500.0,-999999500.0,20.085098000000002,-999999500.0,-999999500.0,-999999500,-999999500.0,-999999500
-999999500.0,21.069384,21.4781495,21.423898,21.111923,-999999500,-999999500.0,-999999500
-999999500.0,22.022548999999998,21.50956,21.4221355,21.624378,-999999500,-999999500.0,-999999500
-999999500.0,20.280527,20.639603,20.058222,20.040575,-999999500,-999999500.0,-999999500
-999999500.0,-999999500.0,18.98235,-999999500.0,-999999500.0,-999999500,-999999500.0,-999999500
-999999500.0,-999999500.0,23.733349,-999999500.0,22.498716,-999999500,-999999500.0,-999999500
-999999500.0,-999999500.0,20.762432,20.972416,20.859432,-999999500,-999999500.0,-999999500
-999999500.0,21.391594,20.977899,20.926168500000003,20.054367,-999999500,-999999500.0,-999999500
-999999500.0,21.628914,21.886241,21.116879500000003,20.767172000000002,-999999500,-999999500.0,-999999500
-999999500.0,21.69301,21.392354,-499999739.455209,22.041042500000003,-999999500,-999999500.0,-999999500
-999999500.0,-999999500.0,19.20988,-999999500.0,18.768182999999997,-999999500,-999999500.0,-999999500
-999999500.0,21.280462,22.1439155,21.4483965,21.8743715,-999999500,-999999500.0,-999999500
-999999500.0,-999999500.0,23.305401,-499999739.2401515,23.0647135,-999999500,-999999500.0,-999999500
-999999500.0,-999999500.0,20.931501,21.2601,-999999500.0,-999999500,-999999500.0,-999999500
-999999500.0,21.123297,21.424536,20.658616000000002,21.039852,-999999500,-999999500.0,-999999500
-999999500.0,19.759558,19.648823999999998,19.4612045,19.3181695,-999999500,-999999500.0,-999999500
-999999500.0,20.447645,20.136948000000004,20.223276,20.0804185,-999999500,-999999500.0,-999999500
-999999500.0,21.950874,21.381573500000002,21.335490999999998,20.611904000000003,-999999500,-999999500.0,-999999500
-999999500.0,20.69698,20.2222835,19.973233,19.85398,-999999500,-999999500.0,-999999500
-999999500.0,-999999500.0,18.871508,-999999500.0,-999999500.0,-999999500,-999999500.0,-999999500
-999999500.0,18.456947,18.302872,17.912676,17.708,-999999500,-999999500.0,-999999500
-999999500.0,-999999500.0,19.799792999999998,-999999500.0,-999999500.0,-999999500,-999999500.0,-999999500
-999999500.0,-999999500.0,19.087286,-999999500.0,-999999500.0,-999999500,-999999500.0,-999999500
-999999500.0,-999999500.0,19.419182,-999999500.0,-999999500.0,-999999500,-999999500.0,-999999500
-999999500.0,20.629925,20.316183,20.160868,19.622131,-999999500,-999999500.0,-999999500
-999999500.0,19.888714,19.577885000000002,19.297179999999997,19.121172,-999999500,-999999500.0,-999999500
-999999500.0,-999999500.0,21.094488000000002,-999999500.0,-999999500.0,-999999500,-999999500.0,-999999500
18.805066,18.846953,18.628163999999998,18.36638,18.096819,-999999500,-999999500.0,-999999500
-999999500.0,-999999500.0,19.471092000000002,-999999500.0,-999999500.0,-999999500,-999999500.0,-999999500
-999999500.0,20.354177,20.001421,20.205332000000002,19.796305,-999999500,-999999500.0,-999999500
-999999500.0,-999999500.0,19.703608,-999999500.0,19.379972,-999999500,-999999500.0,-999999500
-999999500.0,19.72416,19.567911,19.356838,19.379839,-999999500,-999999500.0,-999999500
-999999500.0,-999999500.0,19.663769,19.563025,19.143354000000002,-999999500,-999999500.0,-999999500
19.437946,19.434507,19.461786,19.058042999999998,19.075579,-999999500,-999999500.0,-999999500
-999999500.0,20.046495,19.890512,19.631351000000002,19.485321,-999999500,-999999500.0,-999999500
-999999500.0,-999999500.0,20.240479999999998,-999999500.0,-999999500.0,-999999500,-999999500.0,-999999500
-999999500.0,-999999500.0,19.510089999999998,-999999500.0,-999999500.0,-999999500,-999999500.0,-999999500
-999999500.0,-999999500.0,20.05861,-999999500.0,-999999500.0,-999999500,-999999500.0,-999999500
-999999500.0,-999999500.0,20.616667,-999999500.0,-999999500.0,-999999500,-999999500.0,-999999500
-999999500.0,-999999500.0,20.058765,-999999500.0,-999999500.0,-999999500,-999999500.0,-999999500
-999999500.0,-999999500.0,20.402822,-999999500.0,-999999500.0,-999999500,-999999500.0,-999999500
-999999500.0,-999999500.0,19.668136999999998,-999999500.0,-999999500.0,-999999500,-999999500.0,-999999500
-999999500.0,19.734068,19.639902,19.596647,19.675652,-999999500,-999999500.0,-999999500
-999999500.0,19.202582999999997,19.024244,18.71557,18.664543,-999999500,-999999500.0,-999999500
-999999500.0,-999999500.0,20.926123,-999999500.0,-999999500.0,-999999500,-999999500.0,-999999500
-999999500.0,24.9134535,24.1544725,23.765399000000002,23.513681,-999999500,-999999487.714751,-1999999000
-999999500.0,26.7050245,28.6176745,29.0778865,-499999736.729574,-999999500,-1499999250.0,-1999999000
-999999500.0,-999999500.0,19.610188,-999999500.0,-999999500.0,-999999500,-999999500.0,-999999500
-999999500.0,-999999500.0,20.194118,-999999500.0,-999999500.0,-999999500,-999999500.0,-999999500
-999999500.0,-999999500.0,19.371758,-999999500.0,-999999500.0,-999999500,-999999500.0,-999999500
-999999500.0,-999999500.0,19.43362,-999999500.0,-999999500.0,-999999500,-999999500.0,-999999500
-999999500.0,19.979311,19.828163,19.656425,19.597017,-999999500,-999999500.0,-999999500
-999999500.0,19.971636,19.874456,19.793024,19.49178,-999999500,-999999500.0,-999999500
-999999500.0,-999999500.0,19.743223,-999999500.0,-999999500.0,-999999500,-999999500.0,-999999500
-999999500.0,-999999500.0,23.325052,-999999500.0,23.107183,-999999500,-999999500.0,-999999500
-999999500.0,21.972998,21.590462,22.1483,20.490602,-999999500,-999999500.0,-999999500
-999999500.0,20.826576,20.826610000000002,20.062712,20.557365,-999999500,-999999500.0,-999999500
19.315666,19.391593,19.170916500000004,19.096327000000002,18.8908805,-999999500,-999999500.0,-999999500
-999999500.0,-999999500.0,19.791807000000002,-999999500.0,-999999500.0,-999999500,-999999500.0,-999999500
-999999500.0,19.496935,19.09799,18.920996,18.935009,-999999500,-999999500.0,-999999500
-999999500.0,19.789782000000002,19.906954000000002,-999999500.0,19.43085,-999999500,-999999500.0,-999999500
-999999500.0,19.379182999999998,19.45684,-999999500.0,19.240526000000003,-999999500,-999999500.0,-999999500
-999999500.0,-999999500.0,19.522185999999998,-999999500.0,-999999500.0,-999999500,-999999500.0,-999999500
-999999500.0,-999999500.0,19.508154,-999999500.0,-999999500.0,-999999500,-999999500.0,-999999500
-999999500.0,18.903887,18.99107,18.913162,19.007404,-999999500,-999999500.0,-999999500
-999999500.0,-999999500.0,19.771143,-999999500.0,-999999500.0,-999999500,-999999500.0,-999999500
-999999500.0,20.613529999999997,21.058212,20.69122,20.494707000000002,-999999500,-999999500.0,-999999500
-999999500.0,20.514988,20.013638,20.065609000000002,19.925974500000002,-999999500,-999999500.0,-999999500
-999999500.0,-999999500.0,19.442709,-999999500.0,-999999500.0,-999999500,-999999500.0,-999999500
-999999500.0,-999999500.0,19.55377,-999999500.0,-999999500.0,-999999500,-999999500.0,-999999500
-999999500.0,-999999500.0,19.11709,-999999500.0,-999999500.0,-999999500,-999999500.0,-999999500
-999999500.0,19.362083,19.179203,18.941948,18.980188000000002,-999999500,-999999500.0,-999999500
-999999500.0,-999999500.0,19.397602,-999999500.0,-999999500.0,-999999500,-999999500.0,-999999500
-999999500.0,-999999500.0,19.92214,-999999500.0,-999999500.0,-999999500,-999999500.0,-999999500
-999999500.0,-999999500.0,19.343246,-999999500.0,-999999500.0,-999999500,-999999500.0,-999999500
-999999500.0,-999999500.0,19.669954,-999999500.0,-999999500.0,-999999500,-999999500.0,-999999500
-999999500.0,18.971964,18.927994,18.768538,18.705275,-999999500,-999999500.0,-999999500
-999999500.0,20.063582999999998,19.837318,19.65864,19.536533,-999999500,-999999500.0,-999999500
-999999500.0,-999999500.0,20.054743,19.811403,19.783087,-999999500,-999999500.0,-999999500
-999999500.0,20.217342000000002,20.14147,19.786425,20.190432,-999999500,-999999500.0,-999999500
-999999500.0,-999999500.0,18.601603,18.763514,-999999500.0,-999999500,-999999500.0,-999999500
19.133009,19.1356025,19.036275,18.872448,18.8610075,-999999500,-999999500.0,-999999500
20.421633,20.391873500000003,20.2776675,20.103877999999998,20.531923000000003,-999999500,-999999500.0,-999999500
-999999500.0,-999999500.0,19.341701999999998,-999999500.0,-999999500.0,-999999500,-999999500.0,-999999500
-999999500.0,-999999500.0,20.136495999999998,-999999500.0,-999999500.0,-999999500,-999999500.0,-999999500
-999999500.0,-999999500.0,19.683247,-999999500.0,-999999500.0,-999999500,-999999500.0,-999999500
-999999500.0,-999999500.0,19.791431,-999999500.0,-999999500.0,-999999500,-999999500.0,-999999500
-999999500.0,19.813732,19.728863,19.359089,19.2831485,-999999500,-999999500.0,-999999500
-999999500.0,-999999500.0,19.613163,-999999500.0,-999999500.0,-999999500,-999999500.0,-999999500
-999999500.0,-999999500.0,19.433722,-999999500.0,-999999500.0,-999999500,-999999500.0,-999999500
-999999500.0,20.253115,20.022655,19.633383,19.333088,-999999500,-999999500.0,-999999500
19.531744,19.876173,19.587961999999997,19.5085065,19.354177,-999999500,-999999500.0,-999999500
-999999500.0,-999999500.0,19.708563,-999999500.0,-999999500.0,-999999500,-999999500.0,-999999500
-999999500.0,19.45185,19.275593,19.059053,19.008604000000002,-999999500,-999999500.0,-999999500
-999999500.0,19.990880999999998,19.784716,19.73293,19.555967000000003,-999999500,-999999500.0,-999999500
-999999500.0,-999999500.0,19.501587,-999999500.0,-999999500.0,-999999500,-999999500.0,-999999500
-999999500.0,19.460402,19.276642000000002,19.075176000000003,18.953325,-999999500,-999999500.0,-999999500
-999999500.0,-999999500.0,19.302704000000002,-999999500.0,-999999500.0,-999999500,-999999500.0,-999999500
-999999500.0,19.703594,19.457546,19.140837,19.098562,-999999500,-999999500.0,-999999500
-999999500.0,-999999500.0,20.596016,-999999500.0,-999999500.0,-999999500,-999999500.0,-999999500
-999999500.0,18.356720000000003,18.333085999999998,18.214872,18.229847,-999999500,-999999500.0,-999999500
-999999500.0,20.065414,20.057474,19.660845000000002,19.415354,-999999500,-999999500.0,-999999500
-999999500.0,19.32092,19.224467999999998,19.024506,18.9261,-999999500,-999999500.0,-999999500
-999999500.0,-999999500.0,20.720987,-999999500.0,-999999500.0,-999999500,-999999500.0,-999999500
-999999500.0,20.655983,20.742414,-999999500.0,20.450726,-999999500,-999999500.0,-1999999000
-999999500.0,-999999500.0,19.453953,-999999500.0,-999999500.0,-999999500,-999999500.0,-999999500
-999999500.0,-999999500.0,19.889482,-999999500.0,-999999500.0,-999999500,-999999500.0,-999999500
-999999500.0,-999999500.0,19.304423999999997,-999999500.0,-999999500.0,-999999500,-999999500.0,-999999500
-999999500.0,-999999500.0,18.970285,-999999500.0,-999999500.0,-999999500,-999999500.0,-999999500
-999999500.0,-999999500.0,19.490473,-999999500.0,-999999500.0,-999999500,-999999500.0,-999999500
-999999500.0,-999999500.0,19.895931,-999999500.0,-999999500.0,-999999500,-999999500.0,-999999500
-999999500.0,20.695342999999998,20.52571,20.351397,20.144928,-999999500,-999999500.0,-999999500
-999999500.0,19.648733,19.532125,19.150532000000002,18.94925,-999999500,-999999500.0,-999999500
-999999500.0,-999999500.0,20.06317,-999999500.0,-999999500.0,-999999500,-999999500.0,-999999500
-999999500.0,-999999500.0,19.533281,-999999500.0,-999999500.0,-999999500,-999999500.0,-999999500
-999999500.0,-999999500.0,19.592659,-999999500.0,-999999500.0,-999999500,-999999500.0,-999999500
-999999500.0,-999999500.0,19.446049,-999999500.0,-999999500.0,-999999500,-999999500.0,-999999500
-999999500.0,20.431843,19.70295,19.711868,19.558603,-999999500,-999999500.0,-999999500
-999999500.0,18.599092000000002,18.29541,17.9438,17.872868,-999999500,-999999500.0,-999999500
-999999500.0,19.62837,19.515118,19.368847,19.46761,-999999500,-999999500.0,-999999500
-999999500.0,20.749542,20.445529999999998,20.307785,20.131237,-999999500,-999999500.0,-999999500
-999999500.0,-999999500.0,19.528006,-999999500.0,-999999500.0,-999999500,-999999500.0,-999999500
-999999500.0,-999999500.0,18.684376,-999999500.0,-999999500.0,-999999500,-999999500.0,-999999500
-999999500.0,21.571806,20.7479185,20.36849,20.294240000000002,-999999500,-999999500.0,-999999500
-999999500.0,21.224552,20.584484500000002,20.464266000000002,20.274859499999998,-999999500,-999999500.0,-999999500
-999999500.0,-999999500.0,20.986101,21.050129000000002,20.465888,-999999500,-999999500.0,-999999500
-999999500.0,-999999500.0,20.08519,-999999500.0,-999999500.0,-999999500,-999999500.0,-999999500
-999999500.0,22.36216,21.4450795,21.4214385,21.223783500000003,-999999500,-999999500.0,-999999500
-999999500.0,21.228956,20.555020499999998,21.2627935,21.091387,-999999500,-999999500.0,-999999500
-999999500.0,21.740297,22.1216995,20.919718000000003,20.924635000000002,-999999500,-999999500.0,-1999999000
-999999500.0,20.709919,20.421428499999998,19.827733000000002,19.8383325,-999999500,-999999500.0,-999999500
-999999500.0,20.303380999999998,20.1679125,19.913026000000002,19.739119000000002,-999999500,-999999500.0,-1999999000
-999999500.0,20.394333,21.726919000000002,20.0733065,21.1078275,-999999500,-999999500.0,-999999500
-999999500.0,22.610229999999998,22.752618,-499999738.85697,22.19034,-999999500,-999999500.0,-999999500
-999999500.0,19.882856,19.629427,-999999500.0,19.254032000000002,-999999500,-999999500.0,-999999500
-999999500.0,-999999500.0,21.21726,21.1804105,21.432269,-999999500,-999999500.0,-999999500
-999999500.0,21.370213,21.568793,20.738730500000003,21.281022999999998,-999999500,-999999500.0,-999999500
-999999500.0,21.105059,21.1317065,21.034382,20.690310999999998,-999999500,-999999500.0,-999999500
-999999500.0,21.706013000000002,21.901333,21.0982505,20.891002,-999999500,-999999500.0,-999999500
-999999500.0,22.466696,20.950142,20.9411135,20.724980000000002,-999999500,-999999500.0,-999999500
-999999500.0,-999999500.0,18.861645000000003,-999999500.0,-999999500.0,-999999500,-999999500.0,-999999500
-999999500.0,21.576344,-499999739.526477,20.342385,20.37052,-999999500,-999999500.0,-999999500
-999999500.0,-999999500.0,21.453613,21.06025,20.656433,-999999500,-999999500.0,-999999500
-999999500.0,-999999500.0,18.976658,-999999500.0,-999999500.0,-999999500,-999999500.0,-999999500
-999999500.0,22.690939999999998,20.813902,21.025801,20.9014795,-999999500,-999999500.0,-999999500
-999999500.0,22.372398,21.847951000000002,-499999739.331848,21.857996999999997,-999999500,-999999500.0,-999999500
-999999500.0,19.959219,19.820906,19.547499,19.559839999999998,-999999500,-999999500.0,-999999500
-999999500.0,20.335012,20.20652,19.765017999999998,19.62098,-999999500,-999999500.0,-999999500
-999999500.0,19.832169,19.625656,19.503439999999998,19.366137,-999999500,-999999500.0,-999999500
-999999500.0,20.063116,20.014874,19.854254,19.809307,-999999500,-999999500.0,-999999500
-999999500.0,19.953257,19.974575,19.693392000000003,19.86978,-999999500,-999999500.0,-999999500
-999999500.0,19.737724,19.693718,19.30913,19.13946,-999999500,-999999500.0,-999999500
-999999500.0,19.18091,19.04703,18.939985,18.805656,-999999500,-999999500.0,-999999500
-999999500.0,19.705952,19.7987,19.628792,19.47176,-999999500,-999999500.0,-999999500
-999999500.0,20.230871,20.30027,19.919317000000003,19.758795000000003,-999999500,-999999500.0,-999999500
19.324483999999998,19.179781,18.954493,18.815884,18.851719,-999999500,-999999500.0,-999999500
-999999500.0,20.354332,20.292089999999998,20.077751,19.883867000000002,-999999500,-999999500.0,-999999500
20.770355,20.7429635,20.544912500000002,20.291086999999997,20.27565,-999999500,-999999500.0,-999999500
18.814646,18.6736385,18.656685000000003,18.547909,18.361371,-999999500,-999999500.0,-999999500
-999999500.0,19.867266,19.970022,19.78177,19.759802,-999999500,-999999500.0,-999999500
-999999500.0,19.84544,19.607372,19.483475,19.551863,-999999500,-999999500.0,-999999500
-999999500.0,-999999500.0,20.221264,20.132162,19.788485,-999999500,-999999500.0,-999999500
-999999500.0,19.259957999999997,19.05534,19.016256,18.990654,-999999500,-999999500.0,-999999500
-999999500.0,19.787243,19.683048,19.167215,19.144676,-999999500,-999999500.0,-999999500
-999999500.0,19.780756,20.016592000000003,19.68456,19.5553,-999999500,-999999500.0,-999999500
19.227562,19.51951,19.113623,19.125067,19.022392,-999999500,-999999500.0,-999999500
-999999500.0,20.464392,19.821271,19.201273999999998,19.141442,-999999500,-999999500.0,-999999500
-999999500.0,20.597654000000002,20.53066,20.355648000000002,20.08387,-999999500,-999999500.0,-999999500
-999999500.0,20.24345,20.164795,20.156404000000002,19.613373,-999999500,-999999500.0,-999999500
-999999500.0,20.3127,20.197184,19.765767999999998,19.417944,-999999500,-999999500.0,-999999500
-999999500.0,20.198892999999998,20.219854,20.053942000000003,19.432882,-999999500,-999999500.0,-999999500
20.491865,20.180870000000002,20.115347,19.655914000000003,19.356993,-999999500,-999999500.0,-999999500
-999999500.0,19.84181,19.579765,19.716259,19.439713,-999999500,-999999500.0,-999999500
-999999500.0,21.359303,20.644007000000002,20.009577,20.009945000000002,-999999500,-999999500.0,-999999500
-999999500.0,20.66968,20.488429999999997,20.166677,20.099527,-999999500,-999999500.0,-999999500
-999999500.0,-999999500.0,20.421812,-999999500.0,19.319129999999998,-999999500,-999999500.0,-999999500
-999999500.0,-999999500.0,20.600803,-999999500.0,20.10277,-999999500,-999999500.0,-999999500
-999999500.0,-999999500.0,19.72774,19.44717,18.938118,-999999500,-999999500.0,-999999500
-999999500.0,-999999500.0,-999999500.0,-999999500.0,-999999500.0,-999999500,-999999500.0,-999999500
-999999500.0,-999999500.0,21.109318,-999999500.0,20.388563,-999999500,-999999500.0,-999999500
-999999500.0,-999999500.0,20.819464,20.750189000000002,20.348470000000002,-999999500,-999999500.0,-999999500
-999999500.0,-999999500.0,20.446282999999998,-999999500.0,20.044943,-999999500,-999999500.0,-999999500
-999999500.0,-999999500.0,19.851925,-999999500.0,19.684063000000002,-999999500,-999999500.0,-999999500
-999999500.0,-999999500.0,20.692104,-999999500.0,20.17011,-999999500,-999999500.0,-999999500
-999999500.0,-999999500.0,20.550402,-999999500.0,19.99276,-999999500,-999999500.0,-999999500
-999999500.0,-999999500.0,20.197104,-999999500.0,20.077162,-999999500,-999999500.0,-999999500
-999999500.0,-999999500.0,21.266886,-999999500.0,20.619518,-999999500,-999999500.0,-999999500
-999999500.0,-999999500.0,21.27157,-999999500.0,21.06774,-999999500,-999999500.0,-999999500
-999999500.0,-999999500.0,19.166304,18.95982,18.944881,-999999500,-999999500.0,-999999500
-999999500.0,-999999500.0,21.40596,21.32175,20.78654,-999999500,-999999500.0,-999999500
-999999500.0,-999999500.0,19.965752,-999999500.0,-999999500.0,-999999500,-999999500.0,-999999500
-999999500.0,24.123348,23.03327,22.38356,21.08344,-999999500,-999999500.0,-999999500
-999999500.0,-999999500.0,21.647259,22.645641,22.511864000000003,-999999500,-999999500.0,-999999500
-999999500.0,-999999500.0,-999999500.0,22.732607,-999999500.0,-999999500,-999999500.0,-999999500
-999999500.0,-999999500.0,22.215397,22.612032,21.105059,-999999500,-999999500.0,-999999500
24.599064000000002,25.6394935,-499999736.858773,-999999500.0,-999999500.0,-999999500,-1999999000.0,-1999999000
-999999500.0,-999999500.0,22.102255,-999999500.0,21.036413,-999999500,-999999500.0,-999999500
22.210335,22.091776,21.928265,21.944717,21.486689000000002,-999999500,-999999500.0,-999999500
-999999500.0,21.699652,20.34518,21.734686,20.833149,-999999500,-999999500.0,-999999500
-999999500.0,20.801868,20.708952,-999999500.0,-999999500.0,-999999500,-999999500.0,-999999500
-999999500.0,19.795157999999997,19.7458,-999999500.0,19.486485000000002,-999999500,-999999500.0,-999999500
22.693057999999997,-999999500.0,21.140478,-999999500.0,20.835096,-999999500,-999999500.0,-999999500
-999999500.0,23.323007999999998,21.161070000000002,-999999500.0,21.104329999999997,-999999500,-999999500.0,-999999500
-999999500.0,22.599419,21.72129,22.446423,24.012804,-999999500,-999999500.0,-999999500
-999999500.0,22.759926,22.149137,21.080744,20.386625,-999999500,-999999500.0,-999999500
-999999500.0,21.141861,22.201883,20.963884,20.946404,-999999500,-999999500.0,-999999500
-999999500.0,25.002449,23.108318,-999999500.0,22.407104,-999999500,-999999500.0,-999999500
-999999500.0,21.130041000000002,20.712944,-999999500.0,19.934835,-999999500,-999999500.0,-1999999000
-999999500.0,20.353205,20.185457,-999999500.0,20.154453,-999999500,-999999500.0,-999999500
19.404015,-999999500.0,19.4901685,19.130089,19.101512,-999999500,-999999500.0,-999999500
-999999500.0,-999999500.0,21.223786999999998,-999999500.0,20.635822,-999999500,-999999500.0,-999999500
-999999500.0,-999999500.0,19.331099,-999999500.0,-999999500.0,-999999500,-999999500.0,-999999500
-999999500.0,18.026766000000002,17.946362,17.73137,17.589176000000002,-999999500,-999999500.0,-999999500
-999999500.0,20.027384,20.196571,19.485508,19.609876999999997,-999999500,-999999500.0,-999999500
19.88182,19.787163999999997,19.6185735,19.481493999999998,19.484786,-999999500,-999999500.0,-999999500
-999999500.0,17.844168,17.745537499999998,17.356367000000002,17.355482000000002,-999999500,-999999500.0,-999999500
-999999500.0,19.633602,19.210033,19.007208,18.911120999999998,-999999500,-999999500.0,-999999500
-999999500.0,-999999500.0,19.331617,-999999500.0,-999999500.0,-999999500,-999999500.0,-999999500
-999999500.0,19.85347,19.524174,19.018496,19.160837,-999999500,-999999500.0,-999999500
17.440345999999998,-999999500.0,17.105412,-999999500.0,-999999500.0,-999999500,-999999500.0,-999999500
-999999500.0,-999999500.0,18.112371,-999999500.0,-999999500.0,-999999500,-999999500.0,-999999500
-999999500.0,-999999500.0,19.638784,-999999500.0,-999999500.0,-999999500,-999999500.0,-999999500
-999999500.0,-999999500.0,19.041248,-999999500.0,-999999500.0,-999999500,-999999500.0,-999999500
-999999500.0,-999999500.0,19.082235,18.722089999999998,18.599811000000003,-999999500,-999999500.0,-999999500
-999999500.0,-999999500.0,18.737854000000002,-999999500.0,-999999500.0,-999999500,-999999500.0,-999999500
-999999500.0,-999999500.0,19.021378,-999999500.0,-999999500.0,-999999500,-999999500.0,-999999500
-999999500.0,-999999500.0,19.605381,-999999500.0,-999999500.0,-999999500,-999999500.0,-999999500
-999999500.0,-999999500.0,18.537882,-999999500.0,-999999500.0,-999999500,-999999500.0,-999999500
-999999500.0,19.211313,18.979609,18.674313,18.664473,-999999500,-999999500.0,-999999500
-999999500.0,-999999500.0,18.560547,-999999500.0,-999999500.0,-999999500,-999999500.0,-999999500
-999999500.0,18.656256,18.789618,18.271572,18.136086,-999999500,-999999500.0,-999999500
-999999500.0,19.488638,19.279964,19.245798,19.102509,-999999500,-999999500.0,-999999500
-999999500.0,18.637302,18.696045,18.445742000000003,18.346867,-999999500,-999999500.0,-999999500
-999999500.0,-999999500.0,18.983557,-999999500.0,-999999500.0,-999999500,-999999500.0,-999999500
-999999500.0,-999999500.0,18.530502,-999999500.0,-999999500.0,-999999500,-999999500.0,-999999500
-999999500.0,-999999500.0,-999999500.0,-999999500.0,24.336904999999998,-999999500,-999999500.0,-999999500
-999999500.0,-999999500.0,22.61139,21.481077,21.197514,-999999500,-999999500.0,-999999500
-999999500.0,-999999500.0,21.096848,21.155266,20.758402,-999999500,-999999500.0,-999999500
-999999500.0,-999999500.0,23.248688,21.481417,22.5103,-999999500,-999999500.0,-999999500
-999999500.0,-999999500.0,22.060514,24.475586,21.464879999999997,-999999500,-999999500.0,-999999500
-999999500.0,-999999500.0,24.272833,22.469915,22.370634,-999999500,-999999500.0,-999999500
23.289675,23.528589999999998,23.38672,23.348186,22.956537,-999999500,-999999500.0,-999999500
-999999500.0,-999999500.0,-999999500.0,23.655592000000002,22.563126,-999999500,-999999500.0,-999999500
-999999500.0,22.278812,23.294436499999996,-499999739.065649,-499999739.048515,-999999500,-999999500.0,-999999500
23.342707,26.341617,24.245690000000003,-499999738.313034,-499999738.755039,-999999500,-999999500.0,-999999500
24.132498000000002,-499999738.2572725,-499999738.4803275,-499999738.5953815,-999999500.0,-999999500,-999999500.0,-999999500
23.4894,23.549225,23.3405455,22.16741,-999999500.0,-999999500,-999999500.0,-999999500
24.608288,23.972512,23.678532,-499999737.099967,23.4058415,-999999500,-999999500.0,-999999500
21.722147,22.050102,21.364901500000002,21.460681,21.308315,-999999500,-999999500.0,-999999500
24.238335,24.2023755,22.754172500000003,23.380788000000003,-499999739.20666,-999999500,-999999500.0,-999999500
23.88526,23.333046500000002,-499999738.0329285,-499999738.576145,-499999737.690343,-999999500,-999999500.0,-999999500
23.808695,-999999500.0,-499999738.907899,23.259781500000003,22.411023,-999999500,-999999500.0,-999999500
-999999500.0,21.611835,22.174139999999998,22.95397,21.857609,-999999500,-999999500.0,-999999500
-999999500.0,-999999500.0,-499999737.3839265,-499999737.8597565,-499999739.3382885,-999999500,-999999500.0,-999999500
23.816961,22.884484,-499999738.4244585,25.858183,21.983412,-999999500,-999999500.0,-999999500
22.136747,21.1543265,21.102213,20.870048999999998,20.387929,-999999500,-999999500.0,-999999500
-999999500.0,20.9511,20.225409,19.953457,19.5181,-999999500,-999999500.0,-999999500
-999999500.0,-999999500.0,22.896746,-999999500.0,-999999500.0,-999999500,-999999500.0,-999999500
-999999500.0,22.038198,22.541407,22.444082,21.899157000000002,-999999500,-999999500.0,-999999500
-999999500.0,-499999738.6736995,22.591606,-499999738.093961,22.511175,-999999500,-999999500.0,-999999500
-999999500.0,-499999737.3628895,22.65747,-499999738.8400315,22.124133999999998,-999999500,-999999500.0,-999999500
23.197163,-999999500.0,-499999738.848832,-499999738.355613,-499999738.4674175,-999999500,-999999500.0,-999999500
-999999500.0,-999999500.0,23.767183,22.501091,22.405018,-999999500,-999999500.0,-999999500
22.548325,22.176281000000003,21.714775000000003,22.8225555,21.605969,-999999500,-999999500.0,-999999500
24.842545,-499999738.2731715,22.9811425,22.942106,-499999739.2417385,-999999500,-999999500.0,-999999500
-999999500.0,25.236810000000002,21.6384545,21.717892000000003,20.574285999999997,-999999500,-999999500.0,-999999500
24.170992000000002,23.3597745,22.382723,-499999738.319399,23.7169495,-999999500,-999999500.0,-999999500
23.441216,22.766281999999997,22.133458500000003,22.0612705,21.681194499999997,-999999500,-999999500.0,-999999500
23.058815,22.373703,21.8013245,22.055597,21.7518845,-999999500,-999999500.0,-999999500
23.895275,-999999500.0,22.671343,22.599718,22.60105,-999999500,-999999500.0,-999999500
22.747997,-499999738.4444635,22.973459,23.267387499999998,23.330550000000002,-999999500,-999999500.0,-999999500
-999999500.0,23.6639665,-499999737.9326055,-999999500.0,-999999500.0,-999999500,-999999500.0,-999999500
23.55699,23.230544,-499999738.3791675,22.695492,-499999739.1565265,-999999500,-999999500.0,-999999500
24.400713,-499999738.269909,-499999738.14108,23.0989065,-499999738.470545,-999999500,-999999500.0,-999999500
24.589624,-999999500.0,24.4535655,-999999500.0,-499999737.113699,-999999500,-999999500.0,-999999500
24.127551999999998,-499999738.737711,24.2027185,-499999738.255086,23.118519,-999999500,-999999500.0,-999999500
22.893316,23.454268499999998,22.456832499999997,23.424689,21.8335425,-999999500,-999999500.0,-999999500
-999999500.0,-499999736.438691,-999999500.0,-499999737.95339,-499999739.149641,-999999500,-999999500.0,-999999500
-999999500.0,-499999738.65633,-499999738.303875,25.717247,-499999738.479555,-999999500,-999999500.0,-999999500
-999999500.0,22.970458999999998,24.854576,23.273632,22.411528,-999999500,-999999500.0,-999999500
-999999500.0,-999999500.0,22.659454,-999999500.0,-999999500.0,-999999500,-999999500.0,-999999500
-999999500.0,-999999500.0,24.654394,-999999500.0,-999999500.0,-999999500,-999999500.0,-999999500
-999999500.0,24.986427,24.158879,24.050255,-999999500.0,-999999500,-999999500.0,-999999500
-999999500.0,23.290782999999998,22.299198,22.058815,22.960339,-999999500,-999999500.0,-999999500
-999999500.0,21.560122,20.883804,21.095701000000002,23.860236999999998,-999999500,-999999500.0,-999999500
-999999500.0,23.164438,22.41868,21.7641,22.319809,-999999500,-999999500.0,-999999500
-999999500.0,-999999500.0,23.1755955,22.372833,24.530962000000002,-999999500,-999999500.0,-999999500
-999999500.0,21.757309,21.8371,21.584455,21.030275,-999999500,-999999500.0,-999999500
-999999500.0,22.397778,-999999500.0,24.221795999999998,-999999500.0,-999999500,-999999500.0,-999999500
-999999500.0,27.35337,-999999500.0,21.473616,-999999500.0,-999999500,-999999500.0,-999999500
-999999500.0,-999999500.0,22.721536999999998,22.70505,22.026909,-999999500,-999999500.0,-999999500
-999999500.0,-999999500.0,24.678812,21.879828,22.275885,-999999500,-999999500.0,-1999999000
-999999500.0,-999999500.0,20.994478,-999999500.0,-999999500.0,-999999500,-999999500.0,-999999500
-999999500.0,-999999500.0,20.651253500000003,-999999500.0,20.284893,-999999500,-999999500.0,-999999500
-999999500.0,-999999500.0,21.280635999999998,-999999500.0,-999999500.0,-999999500,-999999500.0,-999999500
-999999500.0,20.334393,20.22697,20.288778,20.189208999999998,-999999500,-999999500.0,-999999500
-999999500.0,21.037594,-999999500.0,20.642813,20.760576,-999999500,-999999500.0,-999999500
-999999500.0,20.196655,20.159457999999997,19.886295,19.697623999999998,-999999500,-999999500.0,-999999500
19.279257,19.211056,19.175846,19.123995,18.958149,-999999500,-999999500.0,-999999500
-999999500.0,19.44531,19.395844,19.302153,19.284279,-999999500,-999999500.0,-999999500
20.736692,20.990744,21.090107,-999999500.0,20.511657999999997,-999999500,-999999500.0,-999999500
-999999500.0,-999999500.0,20.931189,-999999500.0,-999999500.0,-999999500,-999999500.0,-999999500
-999999500.0,-999999500.0,20.204905,-999999500.0,20.381166,-999999500,-999999500.0,-999999500
-999999500.0,-999999500.0,19.684473,-999999500.0,19.113081,-999999500,-999999500.0,-999999500
20.317106,20.275885,19.953764000000003,20.079893,19.525164,-999999500,-999999500.0,-999999500
-999999500.0,-999999500.0,19.371216,-999999500.0,19.224216000000002,-999999500,-999999500.0,-999999500
-999999500.0,-999999500.0,18.9087725,-999999500.0,18.905754,-999999500,-999999500.0,-999999500
-999999500.0,-999999500.0,20.519785,-999999500.0,20.471,-999999500,-999999500.0,-999999500
-999999500.0,-999999500.0,19.068594,-999999500.0,-999999500.0,-999999500,-999999500.0,-999999500
-999999500.0,21.044970000000003,20.968847,20.197622,20.1038,-999999500,-999999500.0,-999999500
-999999500.0,-999999500.0,20.598207000000002,-999999500.0,-999999500.0,-999999500,-999999500.0,-999999500
-999999500.0,-999999500.0,21.093432999999997,-999999500.0,20.908796,-999999500,-999999500.0,-999999500
20.189318,20.402075,20.521020999999998,20.134034999999997,19.791033,-999999500,-999999500.0,-999999500
20.234707,20.086435,20.0277795,19.8396605,19.7039795,-999999500,-999999500.0,-999999500
-999999500.0,-999999500.0,20.594164000000003,-999999500.0,-999999500.0,-999999500,-999999500.0,-999999500
-999999500.0,20.890832999999997,20.589470000000002,21.728682,20.227541,-999999500,-999999500.0,-999999500
-999999500.0,-999999500.0,20.403738,-999999500.0,-999999500.0,-999999500,-999999500.0,-999999500
-999999500.0,20.537693,20.198420000000002,20.397346,19.6362,-999999500,-999999500.0,-999999500
-999999500.0,20.199057,19.941484,-999999500.0,19.645262,-999999500,-999999500.0,-999999500
-999999500.0,21.195917,20.34035,20.422703,20.269688000000002,-999999500,-999999500.0,-999999500
-999999500.0,19.862679999999997,-999999500.0,19.539284,19.743479,-999999500,-999999500.0,-999999500
-999999500.0,19.22922,19.074205,19.102676000000002,19.099407,-999999500,-999999500.0,-999999500
21.084806,21.118531500000003,21.105286,21.019871,20.711756,-999999500,-999999500.0,-999999500
20.8102085,21.0925505,20.855851,20.681081,20.4433965,-999999500,-999999500.0,-999999500
-999999500.0,20.481820000000003,20.8153,20.741024,19.92176,-999999500,-999999500.0,-999999500
-999999500.0,20.982069,20.504887,21.063622,20.454924,-999999500,-999999500.0,-999999500
-999999500.0,-999999500.0,20.588392000000002,-999999500.0,-999999500.0,-999999500,-999999500.0,-999999500
-999999500.0,19.422857,19.435356,-999999500.0,19.152845000000003,-999999500,-999999500.0,-999999500
-999999500.0,20.852026000000002,20.454042,20.583161999999998,20.234396,-999999500,-999999500.0,-999999500
-999999500.0,-999999500.0,21.019125,-999999500.0,-999999500.0,-999999500,-999999500.0,-999999500
-999999500.0,20.291348,20.09331,19.931244,19.831663,-999999500,-999999500.0,-999999500
-999999500.0,20.707478,20.341219,20.680164,21.335703,-999999500,-999999500.0,-999999500
-999999500.0,22.23037,20.634247,21.290306,20.525879,-999999500,-999999500.0,-999999500
-999999500.0,19.714493,19.805607000000002,-999999500.0,19.377697,-999999500,-999999500.0,-999999500
21.04685,20.8533745,20.734665,20.440969,20.325352,-999999500,-999999500.0,-999999500
-999999500.0,19.242401,18.82209,18.681084,18.629915,-999999500,-999999500.0,-999999500
-999999500.0,20.020273,19.714057999999998,19.729218,19.374454,-999999500,-999999500.0,-999999500
-999999500.0,20.325933,19.85154,19.843301999999998,19.822319,-999999500,-999999500.0,-999999500
-999999500.0,-999999500.0,20.517988,-999999500.0,-999999500.0,-999999500,-999999500.0,-999999500
-999999500.0,-999999500.0,19.59958,-999999500.0,19.53207,-999999500,-999999500.0,-999999500
-999999500.0,-999999500.0,20.031998,-999999500.0,-999999500.0,-999999500,-999999500.0,-999999500
-999999500.0,-999999500.0,20.424015,-999999500.0,-999999500.0,-999999500,-999999500.0,-999999500
-999999500.0,20.210307999999998,20.420479,20.513647,20.702842999999998,-999999500,-999999500.0,-999999500
-999999500.0,19.55715,19.374279,19.255948999999998,18.982008,-999999500,-999999500.0,-999999500
-999999500.0,-999999500.0,19.706903,-999999500.0,19.463556,-999999500,-999999500.0,-999999500
-999999500.0,20.78866,20.795214,24.527817000000002,21.203917999999998,-999999500,-999999500.0,-999999500
-999999500.0,-999999500.0,20.44248,-999999500.0,-999999500.0,-999999500,-999999500.0,-999999500
-999999500.0,-999999500.0,20.879665,20.341354,20.230526,-999999500,-999999500.0,-999999500
-999999500.0,-999999500.0,-999999500.0,-999999500.0,-999999500.0,-999999500,-999999500.0,-999999500
-999999500.0,20.474575,20.166375000000002,19.869246,19.338295000000002,-999999500,-999999500.0,-999999500
-999999500.0,19.637514000000003,19.79447,19.769833,19.632279999999998,-999999500,-999999500.0,-999999500
-999999500.0,19.840526999999998,19.891167000000003,-999999500.0,19.812357000000002,-999999500,-999999500.0,-999999500
-999999500.0,20.229382,19.807056,-999999500.0,19.551489,-999999500,-999999500.0,-999999500
-999999500.0,-999999500.0,19.629154,-999999500.0,-999999500.0,-999999500,-999999500.0,-999999500
-999999500.0,20.39203,20.19196,-999999500.0,19.999226,-999999500,-999999500.0,-999999500
-999999500.0,-999999500.0,20.437666,-999999500.0,-999999500.0,-999999500,-999999500.0,-999999500
-999999500.0,-999999500.0,20.455395000000003,-999999500.0,-999999500.0,-999999500,-999999500.0,-999999500
-999999500.0,19.942938,21.826004,-999999500.0,19.577545,-999999500,-999999500.0,-999999500
-999999500.0,21.657917,22.06769,22.080679999999997,21.31295,-999999500,-999999500.0,-999999500
-999999500.0,20.069366,19.964043,19.755445,19.405123,-999999500,-999999500.0,-999999500
19.517223,19.136515,19.101010000000002,-999999500.0,18.754501,-999999500,-999999500.0,-999999500
-999999500.0,-999999500.0,19.481367000000002,-999999500.0,19.229592999999998,-999999500,-999999500.0,-999999500
-999999500.0,19.27626,19.272651999999997,19.188805,18.679567000000002,-999999500,-999999500.0,-999999500
23.896379999999997,-999999500.0,25.270301999999997,-999999500.0,-999999500.0,-999999500,-999999500.0,-999999500
