qsoName,ra,dec,Z,Y,J,H,K,errZ,errY,errJ,errH,errK
                    RDJ1148+5253,   177.0675400,    52.8942500,  -999.9999900,    21.4560200, -9.999995E008,    22.9064540,    22.1931250	-999.9999900,     0.3143300, -9.999995E008,     1.8469440,     1.1250850
                   HSCJ0859+0022,   134.7799583,     0.3821944,  -999.9999900,    22.6908600,    23.6009850,    23.1142060,    21.3376700	-999.9999900,     0.7678950,     1.5142450,     1.3264590,     0.3900850
                   HSCJ1202-0057,   180.6932083,    -0.9504722,  -999.9999900,    22.5387550,    22.8309250, -9.999995E008, -9.999995E008	-999.9999900,     0.9079890,     0.9869240, -9.999995E008, -9.999995E008
                   HSCJ1205-0000,   181.2712417,    -0.0077694,  -999.9999900,    22.2664530,    21.5420440,    20.5748230,    21.0638430	-999.9999900,     0.2384490,     0.2744250,     0.2081110,     0.0829380
                   HSCJ1207-0005,   181.9755833,    -0.0981389,  -999.9999900,    23.4173900, -9.999995E008,    21.3487150,    21.8293380	-999.9999900,     1.8536410, -9.999995E008,     0.3085500,     0.6101520
                   HSCJ2216-0016,   334.1852917,    -0.2805833,  -999.9999900,    22.1299380,    22.8247680,    23.8384480,    22.3902600	-999.9999900,     0.5105850,     0.1229800,     5.3195160,     0.1053270
                   HSCJ2228+0128,   337.1159583,     1.4693056,  -999.9999900,    22.8384570, -9.999995E008,    21.9137460, -9.999995E008	-999.9999900,     0.9440150, -9.999995E008,     0.9621110, -9.999995E008
                   HSCJ2232+0012,   338.0501250,     0.2106667,  -999.9999900,    22.6605830,    22.6523510,    23.1941220, -9.999995E008	-999.9999900,     0.9838020,     1.4390030,     3.3694060, -9.999995E008
                   HSCJ2236+0032,   339.1857500,     0.5491389,  -999.9999900, -9.999995E008,    21.8394890, -9.999995E008,    21.7407550	-999.9999900, -9.999995E008,     0.5839840, -9.999995E008,     0.7267010
                   IMSJ0850-0506,   132.6173333,    -5.1019167,  -999.9999900,    21.7884460,    22.4202560,  -999.9999900,  -999.9999900	-999.9999900,     0.0595630,     0.2007790,  -999.9999900,  -999.9999900
                   IMSJ1401+5143,   210.4581667,    51.7195278,  -999.9999900,    23.5546360,    22.7761020,  -999.9999900,  -999.9999900	-999.9999900,     0.2406700,     0.1926370,  -999.9999900,  -999.9999900
                   IMSJ2204+0012,   331.0746667,     1.1957778,  -999.9999900, -9.999995E008,    22.4546950,    21.6812740,    21.9349650	-999.9999900, -9.999995E008,     0.1094770,     0.5456950,     0.8092490
                   IMSJ2210+0243,   332.6541250,     2.7204722,  -999.9999900,    20.9374920,    20.8559000,    20.5118870,    21.1959300	-999.9999900,     0.0319060,     0.0283150,     0.2401450,     0.4415780
                   MMTJ0215-0529,    33.8469583,    -5.4960556,  -999.9999900,    20.8030190,    20.7285560,  -999.9999900,  -999.9999900	-999.9999900,     0.0302330,     0.0234320,  -999.9999900,  -999.9999900
                   MMTJ1357+5305,   209.4472500,    53.0951389,  -999.9999900,    20.7204820,    20.7423250,  -999.9999900,  -999.9999900	-999.9999900,     0.0223580,     0.0202330,  -999.9999900,  -999.9999900
                   MMTJ1408+5300,   212.0955000,    53.0058056,  -999.9999900,  -999.9999900,    21.1690750,  -999.9999900,    20.6766830	-999.9999900,  -999.9999900,     0.0509750,  -999.9999900,     0.0770340
                   MMTJ1414+5115,   213.5181667,    51.2599444,  -999.9999900,  -999.9999900,    21.8307740,  -999.9999900,  -999.9999900	-999.9999900,  -999.9999900,     0.6665020,  -999.9999900,  -999.9999900
                   MMTJ1414+5446,   213.6950833,    54.7755000,  -999.9999900,    22.5526180,    23.4920540,  -999.9999900,    23.3335970	-999.9999900,     0.2160460,     0.4901580,  -999.9999900,     0.9765470
                   MMTJ1414+5732,   213.6315417,    57.5428056,  -999.9999900,    21.3830500,    21.2467000,    20.6817760,    21.8613700	-999.9999900,     0.0845860,     0.0982080,     0.2415020,     0.4567230
                   MMTJ1419+5553,   214.9853750,    55.8878333,  -999.9999900,    23.3054920,    21.6087950,  -999.9999900,  -999.9999900	-999.9999900,     0.4129660,     0.1021550,  -999.9999900,  -999.9999900
                   MMTJ1437+5151,   219.4855833,    51.8541944,  -999.9999900,    22.3255700,    22.1949330,  -999.9999900,  -999.9999900	-999.9999900,     0.1489020,     0.1311350,  -999.9999900,  -999.9999900
                   MMTJ2202+0131,   330.6383333,     1.5223056,  -999.9999900,    22.1444230,    22.0232200,    20.5495660,    20.7966880	-999.9999900,     0.0581940,     0.0514530,     0.3069780,     0.3301870
                   MMTJ2213+0034,   333.2719167,     0.5688333,  -999.9999900,    22.3467700,    22.1092740,    21.9140240,    21.8775750	-999.9999900,     0.5953140,     0.0523100,     0.0740750,     0.0675720
                   MMTJ2215-0009,   333.8342500,    -0.1523333,  -999.9999900,    21.4796330,    21.6172770,    21.2749400,    21.1285930	-999.9999900,     0.2823270,     0.0303110,     0.0449030,     0.0285780
                   UHSJ0439+1634,    69.9461660,    16.5710277,  -999.9999900,  -999.9999900,    17.4729290,  -999.9999900,  -999.9999900	-999.9999900,  -999.9999900,     0.0117400,  -999.9999900,  -999.9999900
                   VIKJ1148+0056,   177.1382500,     0.9450722,  -999.9999900,    22.1214400,    21.5773030,    21.8596170,    21.1561030	-999.9999900,     0.5265080,     0.1076540,     0.2702940,     0.0836860
                   VIKJ1152+0055,   178.0886300,     0.9268583,  -999.9999900,    21.5555530,    21.8045140,    21.2691700,    21.8620950	-999.9999900,     0.3199660,     0.3692080,     0.4075700,     0.7215710
                   VIKJ1215+0023,   183.8202986,     0.3901834,  -999.9999900,    22.6209580,    20.9869600,    21.6576940,    20.8583100	-999.9999900,     0.8018760,     0.2734020,     0.4475950,     0.3467850
                  DELSJ0706+2921,   106.6099580,    29.3515277,  -999.9999900,  -999.9999900,    19.1359560,  -999.9999900,  -999.9999900	-999.9999900,  -999.9999900,     0.0456550,  -999.9999900,  -999.9999900
                  DELSJ0803+3138,   120.7725830,    31.6428333,  -999.9999900,  -999.9999900,    20.1910200,  -999.9999900,  -999.9999900	-999.9999900,  -999.9999900,     0.1043000,  -999.9999900,  -999.9999900
                  DELSJ0829+4117,   127.3832080,    41.2945555,  -999.9999900,  -999.9999900,    20.2610910,  -999.9999900,  -999.9999900	-999.9999900,  -999.9999900,     0.1233820,  -999.9999900,  -999.9999900
                  DELSJ0837+4929,   129.4076660,    49.4834444,  -999.9999900,  -999.9999900,    20.3065950,  -999.9999900,  -999.9999900	-999.9999900,  -999.9999900,     0.1429960,  -999.9999900,  -999.9999900
                  DELSJ0910+1656,   137.5567910,    16.9416111,  -999.9999900,  -999.9999900,    20.7364200,  -999.9999900,  -999.9999900	-999.9999900,  -999.9999900,     0.2221300,  -999.9999900,  -999.9999900
                  DELSJ0910-0414,   137.7272080,    -4.2352222,  -999.9999900,  -999.9999900,    20.2336370,  -999.9999900,  -999.9999900	-999.9999900,  -999.9999900,     0.1432020,  -999.9999900,  -999.9999900
                  DELSJ1048-0109,   162.0829167,    -1.1611694,  -999.9999900,    20.1205750,    19.5960000,    19.3634550,    18.8568000	-999.9999900,     0.0728970,     0.0599630,     0.1001490,     0.0547310
                  DELSJ1104+2134,   166.0899580,    21.5746666,  -999.9999900,  -999.9999900,    19.9134200,  -999.9999900,  -999.9999900	-999.9999900,  -999.9999900,     0.1030010,  -999.9999900,  -999.9999900
                  DELSJ1135+5011,   173.7872080,    50.1924999,  -999.9999900,  -999.9999900,    20.4436990,  -999.9999900,  -999.9999900	-999.9999900,  -999.9999900,     0.1370620,  -999.9999900,  -999.9999900
                  DELSJ1216+4519,   184.1149160,    45.3196388,  -999.9999900,  -999.9999900,    21.2680720,  -999.9999900,  -999.9999900	-999.9999900,  -999.9999900,     0.3814850,  -999.9999900,  -999.9999900
                  DELSJ1316+1028,   199.0339160,    10.4757777,  -999.9999900,    20.8726860,    20.7393590,    20.7901860,    19.6453400	-999.9999900,     0.1167670,     0.0863090,     0.2664210,     0.0751640
                  DELSJ1535+1943,   233.8869580,    19.7222500,  -999.9999900,  -999.9999900,    19.6275160,  -999.9999900,  -999.9999900	-999.9999900,  -999.9999900,     0.0833000,  -999.9999900,  -999.9999900
                  DELSJ1559+2212,   239.7878750,    22.2048417,  -999.9999900,  -999.9999900, -9.999995E008,  -999.9999900,  -999.9999900	-999.9999900,  -999.9999900, -9.999995E008,  -999.9999900,  -999.9999900
                  MMTJ0221-0342A,    35.3013333,    -3.7087778,  -999.9999900,  -999.9999900,    21.6113430,  -999.9999900,    21.0589710	-999.9999900,  -999.9999900,     0.0308360,  -999.9999900,     0.0257890
                  SDSSJ0002+2550,     0.6641173,    25.8430442,  -999.9999900,  -999.9999900,    19.3732740,  -999.9999900,  -999.9999900	-999.9999900,  -999.9999900,     0.0694740,  -999.9999900,  -999.9999900
                  SDSSJ0012+3632,     3.1369990,    36.5378055,  -999.9999900,  -999.9999900,    19.0137250,  -999.9999900,  -999.9999900	-999.9999900,  -999.9999900,     0.0487050,  -999.9999900,  -999.9999900
                  SDSSJ0034+3759,     8.5597920,    37.9983333,  -999.9999900,  -999.9999900,    19.7027630,  -999.9999900,  -999.9999900	-999.9999900,  -999.9999900,     0.0910530,  -999.9999900,  -999.9999900
                  SDSSJ0054-0109,    13.5892499,    -1.1560000,  -999.9999900,    19.6048030,    19.3945240,    19.2221450,    19.5863150	-999.9999900,     0.0573440,     0.0651200,     0.0779510,     0.1158850
                  SDSSJ0056+2241,    14.2334990,    22.6867111,  -999.9999900,  -999.9999900,    19.9863280,  -999.9999900,  -999.9999900	-999.9999900,  -999.9999900,     0.0989780,  -999.9999900,  -999.9999900
                  SDSSJ0100+2802,    15.0542635,    28.0405320,  -999.9999900,  -999.9999900,    17.5990300,    17.4820880,  -999.9999900	-999.9999900,  -999.9999900,     0.0115130,     0.0175960,  -999.9999900
                  SDSSJ0108-0100,    17.1248333,    -1.0043333,  -999.9999900,    20.9130040,    21.9276980,    20.9558660,    21.0062620	-999.9999900,     0.1908750,     0.6212610,     0.3528070,     0.4317080
                  SDSSJ0114+3238,    18.7296250,    32.6378694,  -999.9999900,  -999.9999900,    19.9346350,  -999.9999900,  -999.9999900	-999.9999900,  -999.9999900,     0.0956840,  -999.9999900,  -999.9999900
                  SDSSJ0120+2147,    20.2247080,    21.7850555,  -999.9999900,  -999.9999900,    20.0850980,  -999.9999900,  -999.9999900	-999.9999900,  -999.9999900,     0.1009250,  -999.9999900,  -999.9999900
                  SDSSJ0129-0028,    22.2810000,    -0.4793055,  -999.9999900,    21.0693840,    21.3011420,    21.3900400,  -999.9999900	-999.9999900,     0.1992030,     0.3693460,     0.3528810,  -999.9999900
                  SDSSJ0129-0035,    22.4937910,    -0.5943611,  -999.9999900,    22.0225490,    21.2806100,    21.1470490,  -999.9999900	-999.9999900,     0.4756810,     0.3557310,     0.2815620,  -999.9999900
                  SDSSJ0133+0106,    23.3618333,     1.1104722,  -999.9999900,    20.2805270,    20.6284640,    20.0362570,    19.9582400	-999.9999900,     0.0973570,     0.1885440,     0.1340390,     0.1577750
                  SDSSJ0157+3001,    29.4393750,    30.0196333,  -999.9999900,  -999.9999900,    18.9823500,  -999.9999900,  -999.9999900	-999.9999900,  -999.9999900,     0.0446310,  -999.9999900,  -999.9999900
                  SDSSJ0210+0003,    32.7361249,     0.0513056,  -999.9999900,    21.3915940,    20.9043850,    21.2228450,    20.0964300	-999.9999900,     0.2451570,     0.2061230,     0.5469220,     0.1681710
                  SDSSJ0218-0027,    34.5878333,    -0.4626946,  -999.9999900,    21.6289140,    22.8733520,    21.1126420,    21.0879440	-999.9999900,     0.2984600,     1.5416760,     0.2939850,     0.3967940
                  SDSSJ0230+0046,    37.5094583,     0.7796667,  -999.9999900,    21.6930100,    21.1809230, -9.999995E008,    22.4581720	-999.9999900,     0.3695590,     0.2806370, -9.999995E008,     1.4606760
                  SDSSJ0239-0045,    39.8760000,    -0.7514999,  -999.9999900,    21.2804620,    21.9386830,    21.3817040,    22.5549070	-999.9999900,     0.3106870,     0.2856380,     0.3980430,     1.1608750
                  SDSSJ0301+0020,    45.3208749,     0.3405556,  -999.9999900, -9.999995E008,    23.6370090,    21.5196970,    21.4169030	-999.9999900, -9.999995E008,     2.2572370,     0.6152470,     0.6352450
                  SDSSJ0321+0029,    50.4794583,     0.4948335,  -999.9999900,    21.1232970,    21.4942420,    20.5164260,  -999.9999900	-999.9999900,     0.1772020,     0.2526340,     0.1958970,  -999.9999900
                  SDSSJ0338+0021,    54.6221249,     0.3656388,  -999.9999900,    19.7595580,    19.6638570,    19.5716060,    19.2079640	-999.9999900,     0.0434630,     0.0091360,     0.0537800,     0.0738560
                  SDSSJ0341-0048,    55.4243750,    -0.8035444,  -999.9999900,    20.4476450,    20.2462700,    20.3407360,    20.1516510	-999.9999900,     0.1135520,     0.0920510,     0.1355720,     0.1279640
                  SDSSJ0349+0034,    57.4974999,     0.5676388,  -999.9999900,    21.9508740,    21.4943200,    20.7431980,    21.0263980	-999.9999900,     0.2992600,     0.2179160,     0.2576640,     0.2441040
                  SDSSJ0353+0104,    58.4572136,     1.0679614,  -999.9999900,    20.6969800,    20.1542320,    19.9651640,    19.9816500	-999.9999900,     0.1076320,     0.0780560,     0.1416120,     0.1335130
                  SDSSJ0731+4459,   112.7630300,    44.9970700,  -999.9999900,  -999.9999900,    18.8715080,  -999.9999900,  -999.9999900	-999.9999900,  -999.9999900,     0.0361730,  -999.9999900,  -999.9999900
                  SDSSJ0741+2520,   115.4780000,    25.3415694,  -999.9999900,    18.4569470,    18.3028720,    17.9126760,    17.7080000	-999.9999900,     0.0160300,     0.0122320,     0.0269980,     0.0234060
                  SDSSJ0756+4104,   119.0755812,    41.0690592,  -999.9999900,  -999.9999900,    19.7997930,  -999.9999900,  -999.9999900	-999.9999900,  -999.9999900,     0.0682800,  -999.9999900,  -999.9999900
                  SDSSJ0818+1722,   124.6141845,    17.3811127,  -999.9999900,  -999.9999900,    19.0872860,  -999.9999900,  -999.9999900	-999.9999900,  -999.9999900,     0.0501070,  -999.9999900,  -999.9999900
                  SDSSJ0824+1302,   126.2250634,    13.0380490,  -999.9999900,  -999.9999900,    19.4191820,  -999.9999900,  -999.9999900	-999.9999900,  -999.9999900,     0.0374620,  -999.9999900,  -999.9999900
                  SDSSJ0833+2726,   128.3235833,    27.4413889,  -999.9999900,    20.6299250,    20.3161830,    20.1608680,    19.6221310	-999.9999900,     0.1448230,     0.1400560,     0.2008790,     0.1231270
                  SDSSJ0835+0537,   128.9765132,     5.6314046,  -999.9999900,    19.8887140,    19.5778850,    19.2971800,    19.1211720	-999.9999900,     0.0492290,     0.0318440,     0.0509510,     0.0481850
                  SDSSJ0835+3217,   128.8573333,    32.2979444,  -999.9999900,  -999.9999900,    21.0944880,  -999.9999900,  -999.9999900	-999.9999900,  -999.9999900,     0.2543240,  -999.9999900,  -999.9999900
                  SDSSJ0836+0054,   129.1827665,     0.9147934,    18.8232920,    18.8836700,    18.6309240,    18.4018040,    18.0841960	   0.0043960,     0.0050830,     0.0029090,     0.0230470,     0.0247430
                  SDSSJ0840+5624,   130.1462615,    56.4056176,  -999.9999900,  -999.9999900,    19.4710920,  -999.9999900,  -999.9999900	-999.9999900,  -999.9999900,     0.0585870,  -999.9999900,  -999.9999900
                  SDSSJ0841+2905,   130.3313231,    29.0845966,  -999.9999900,    20.3541770,    20.0014210,    20.2053320,    19.7963050	-999.9999900,     0.0779210,     0.0267350,     0.1215390,     0.0304450
                  SDSSJ0842+1218,   130.6226384,    12.3140508,  -999.9999900,  -999.9999900,    19.7036080,  -999.9999900,    19.3799720	-999.9999900,  -999.9999900,     0.0953020,  -999.9999900,     0.0948140
                  SDSSJ0846+0800,   131.6160038,     8.0143655,  -999.9999900,    19.7241600,    19.5679110,    19.3568380,    19.3798390	-999.9999900,     0.0397530,     0.0398560,     0.0495330,     0.0586120
                  SDSSJ0850+3246,   132.7010255,    32.7799831,  -999.9999900,  -999.9999900,    19.6637690,    19.5630250,    19.1433540	-999.9999900,  -999.9999900,     0.0659610,     0.0574430,     0.0463120
                  SDSSJ0854+2056,   133.6265512,    20.9474547,    19.4379460,    19.4345070,    19.4617860,    19.0580430,    19.0755790	   0.0365260,     0.0312810,     0.0414270,     0.0378030,     0.0314050
                  SDSSJ0902+0851,   135.6906706,     8.8544229,  -999.9999900,    20.0464950,    19.8905120,    19.6313510,    19.4853210	-999.9999900,     0.0938490,     0.0438470,     0.0499720,     0.0538990
                  SDSSJ0913+5919,   138.3189634,    59.3226888,  -999.9999900,  -999.9999900,    20.2404800,  -999.9999900,  -999.9999900	-999.9999900,  -999.9999900,     0.1538100,  -999.9999900,  -999.9999900
                  SDSSJ0915+4924,   138.9318420,    49.4046241,  -999.9999900,  -999.9999900,    19.5100900,  -999.9999900,  -999.9999900	-999.9999900,  -999.9999900,     0.0625450,  -999.9999900,  -999.9999900
                  SDSSJ0922+2653,   140.5700563,    26.8997376,  -999.9999900,  -999.9999900,    20.0586100,  -999.9999900,  -999.9999900	-999.9999900,  -999.9999900,     0.0803320,  -999.9999900,  -999.9999900
                  SDSSJ0923+3009,   140.9032672,    30.1637729,  -999.9999900,  -999.9999900,    20.6166670,  -999.9999900,  -999.9999900	-999.9999900,  -999.9999900,     0.2306260,  -999.9999900,  -999.9999900
                  SDSSJ0927+2001,   141.8409198,    20.0232334,  -999.9999900,  -999.9999900,    20.0587650,  -999.9999900,  -999.9999900	-999.9999900,  -999.9999900,     0.1415860,  -999.9999900,  -999.9999900
                  SDSSJ0932+1222,   143.2073307,    12.3682803,  -999.9999900,  -999.9999900,    20.4028220,  -999.9999900,  -999.9999900	-999.9999900,  -999.9999900,     0.2030790,  -999.9999900,  -999.9999900
                  SDSSJ0948+2106,   147.2306816,    21.1087694,  -999.9999900,  -999.9999900,    19.6681370,  -999.9999900,  -999.9999900	-999.9999900,  -999.9999900,     0.0754570,  -999.9999900,  -999.9999900
                  SDSSJ0957+0519,   149.3661115,     5.3181323,  -999.9999900,    19.7340680,    19.6399020,    19.5966470,    19.6756520	-999.9999900,     0.0512580,     0.0421370,     0.0849780,     0.0992890
                  SDSSJ0957+0610,   149.2819880,     6.1832069,  -999.9999900,    19.2025830,    19.0242440,    18.7155700,    18.6645430	-999.9999900,     0.0196930,     0.0207820,     0.0239110,     0.0295300
                  SDSSJ0958+3524,   149.5584510,    35.4135633,  -999.9999900,  -999.9999900,    20.9261230,  -999.9999900,  -999.9999900	-999.9999900,  -999.9999900,     0.2191800,  -999.9999900,  -999.9999900
                  SDSSJ0959+0227,   149.7837500,     2.4520444,  -999.9999900,    25.6257920,    24.1301230,    23.8989220,    23.5837200	-999.9999900,     0.8199710,     0.2330550,     0.3875610,     0.4442120
                  SDSSJ1000+0234,   150.2145833,     2.5826333,  -999.9999900,    27.0573270,    30.2577970,    29.1539270, -9.999995E008	-999.9999900,     2.7741800,    57.2434460,    75.5713800, -9.999995E008
                  SDSSJ1000+2103,   150.1823993,    21.0574094,  -999.9999900,  -999.9999900,    19.6101880,  -999.9999900,  -999.9999900	-999.9999900,  -999.9999900,     0.0792280,  -999.9999900,  -999.9999900
                  SDSSJ1013+4240,   153.4013916,    42.6740006,  -999.9999900,  -999.9999900,    20.1941180,  -999.9999900,  -999.9999900	-999.9999900,  -999.9999900,     0.1440070,  -999.9999900,  -999.9999900
                  SDSSJ1022+2252,   155.5418621,    22.8737350,  -999.9999900,  -999.9999900,    19.3717580,  -999.9999900,  -999.9999900	-999.9999900,  -999.9999900,     0.0593680,  -999.9999900,  -999.9999900
                  SDSSJ1026+2542,   156.5984527,    25.7165128,  -999.9999900,  -999.9999900,    19.4336200,  -999.9999900,  -999.9999900	-999.9999900,  -999.9999900,     0.0720390,  -999.9999900,  -999.9999900
                  SDSSJ1028+0746,   157.1393988,     7.7719322,  -999.9999900,    19.9793110,    19.8281630,    19.6564250,    19.5970170	-999.9999900,     0.0433740,     0.0503860,     0.0552320,     0.0611640
                  SDSSJ1030+0524,   157.6129585,     5.4152946,  -999.9999900,    19.9716360,    19.8744560,    19.7930240,    19.4917800	-999.9999900,     0.0492990,     0.0612910,     0.0897920,     0.0674730
                  SDSSJ1034+2033,   158.5777050,    20.5500594,  -999.9999900,  -999.9999900,    19.7432230,  -999.9999900,  -999.9999900	-999.9999900,  -999.9999900,     0.0854170,  -999.9999900,  -999.9999900
                  SDSSJ1034+5722,   158.5597083,    57.3743611,  -999.9999900,  -999.9999900,    23.3250520,  -999.9999900,    23.1071830	-999.9999900,  -999.9999900,     0.1337930,  -999.9999900,     0.2128090
                  SDSSJ1043+1010,   160.8966374,    10.1762712,  -999.9999900,    20.8265760,    20.8266100,    20.0627120,    20.5573650	-999.9999900,     0.1229580,     0.1854100,     0.1368830,     0.2148520
                  SDSSJ1044-0125,   161.1376700,    -1.4172777,  -999.9999900,    19.4817580,    19.1976660,    19.1105920,    18.9017960	-999.9999900,     0.0352220,     0.0333880,     0.0504280,     0.0412740
                  SDSSJ1048+3339,   162.1530410,    33.6632388,  -999.9999900,  -999.9999900,    19.7918070,  -999.9999900,  -999.9999900	-999.9999900,  -999.9999900,     0.0818390,  -999.9999900,  -999.9999900
                  SDSSJ1048+4637,   162.1877710,    46.6218184,  -999.9999900,    19.4969350,    19.0979900,    18.9209960,    18.9350090	-999.9999900,     0.0551860,     0.0334250,     0.0491820,     0.0559870
                  SDSSJ1050+5804,   162.6519480,    58.0735236,  -999.9999900,    19.7897820,    19.9069540,  -999.9999900,    19.4308500	-999.9999900,     0.0084420,     0.0056440,  -999.9999900,     0.0080350
                  SDSSJ1053+5804,   163.3457870,    58.0700362,  -999.9999900,    19.3791830,    19.4568400,  -999.9999900,    19.2405260	-999.9999900,     0.0063220,     0.0042080,  -999.9999900,     0.0056670
                  SDSSJ1054+1633,   163.6892965,    16.5603856,  -999.9999900,  -999.9999900,    19.5221860,  -999.9999900,  -999.9999900	-999.9999900,  -999.9999900,     0.0485900,  -999.9999900,  -999.9999900
                  SDSSJ1054+4637,   163.5221660,    46.6250694,  -999.9999900,  -999.9999900,    19.5081540,  -999.9999900,  -999.9999900	-999.9999900,  -999.9999900,     0.0658380,  -999.9999900,  -999.9999900
                  SDSSJ1101+0531,   165.3931661,     5.5260737,  -999.9999900,    18.9038870,    18.9910700,    18.9131620,    19.0074040	-999.9999900,     0.0265610,     0.0349050,     0.0309750,     0.0473970
                  SDSSJ1119+3452,   169.8360000,    34.8800300,  -999.9999900,  -999.9999900,    19.7711430,  -999.9999900,  -999.9999900	-999.9999900,  -999.9999900,     0.0904730,  -999.9999900,  -999.9999900
                  SDSSJ1122+1342,   170.7085131,    13.7101246,  -999.9999900,    20.6135300,    21.0582120,    20.6912200,    20.4947070	-999.9999900,     0.1151600,     0.0725700,     0.0439010,     0.0375140
                  SDSSJ1123-0044,   170.7964583,    -0.7385111,  -999.9999900,    20.5149880,    20.0136380,    20.2031080,    20.2212800	-999.9999900,     0.0724200,     0.0702780,     0.1287850,     0.2071150
                  SDSSJ1125+4448,   171.3171439,    44.8124751,  -999.9999900,  -999.9999900,    19.4427090,  -999.9999900,  -999.9999900	-999.9999900,  -999.9999900,     0.0711130,  -999.9999900,  -999.9999900
                  SDSSJ1126+1734,   171.6582060,    17.5829312,  -999.9999900,  -999.9999900,    19.5537700,  -999.9999900,  -999.9999900	-999.9999900,  -999.9999900,     0.0665260,  -999.9999900,  -999.9999900
                  SDSSJ1128+5759,   172.2410328,    57.9860676,  -999.9999900,  -999.9999900,    19.1170900,  -999.9999900,  -999.9999900	-999.9999900,  -999.9999900,     0.0455120,  -999.9999900,  -999.9999900
                  SDSSJ1132+1209,   173.1937500,    12.1504722,  -999.9999900,    19.3620830,    19.1792030,    18.9419480,    18.9801880	-999.9999900,     0.0451590,     0.0395160,     0.0315420,     0.0548870
                  SDSSJ1137+3549,   174.3238678,    35.8324586,  -999.9999900,  -999.9999900,    19.3976020,  -999.9999900,  -999.9999900	-999.9999900,  -999.9999900,     0.0591070,  -999.9999900,  -999.9999900
                  SDSSJ1143+3808,   175.9097797,    38.1413398,  -999.9999900,  -999.9999900,    19.9221400,  -999.9999900,  -999.9999900	-999.9999900,  -999.9999900,     0.1135470,  -999.9999900,  -999.9999900
                  SDSSJ1146+4037,   176.7408000,    40.6190700,  -999.9999900,  -999.9999900,    19.3432460,  -999.9999900,  -999.9999900	-999.9999900,  -999.9999900,     0.0671170,  -999.9999900,  -999.9999900
                  SDSSJ1148+3020,   177.1090253,    30.3386968,  -999.9999900,  -999.9999900,    19.6699540,  -999.9999900,  -999.9999900	-999.9999900,  -999.9999900,     0.0700800,  -999.9999900,  -999.9999900
                  SDSSJ1148+5251,   177.0693757,    52.8639986,  -999.9999900,    18.9719640,    18.9279940,    18.7685380,    18.7052750	-999.9999900,     0.0360520,     0.0420820,     0.0410820,     0.0456170
                  SDSSJ1154+1341,   178.6030599,    13.6960522,  -999.9999900,    20.0635830,    19.8373180,    19.6586400,    19.5365330	-999.9999900,     0.0727390,     0.0842140,     0.0696210,     0.0805190
                  SDSSJ1154+2333,   178.5829944,    23.5659084,  -999.9999900,  -999.9999900,    20.0547430,    19.8114030,    19.7830870	-999.9999900,  -999.9999900,     0.0179860,     0.0257740,     0.0244530
                  SDSSJ1157+0637,   179.4516096,     6.6199816,  -999.9999900,    20.2173420,    20.1414700,    19.7864250,    20.1904320	-999.9999900,     0.0658090,     0.1077570,     0.0917240,     0.1675900
                  SDSSJ1202+3235,   180.5324218,    32.5941100,  -999.9999900,  -999.9999900,    18.6016030,    18.7635140,  -999.9999900	-999.9999900,  -999.9999900,     0.0242800,     0.0710090,  -999.9999900
                  SDSSJ1204-0021,   181.1738947,    -0.3637859,  -999.9999900,    19.2067100,    19.0539440,    18.9377520,    18.9487650	-999.9999900,     0.0499910,     0.0308660,     0.0648940,     0.0761260
                  SDSSJ1208+0010,   182.0992500,     0.1743611,  -999.9999900,    20.4435830,    20.2077350,    20.1038780,    20.5319230	-999.9999900,     0.1195360,     0.0869170,     0.1361510,     0.2564630
                  SDSSJ1209+1831,   182.4697093,    18.5297808,  -999.9999900,  -999.9999900,    19.3417020,  -999.9999900,  -999.9999900	-999.9999900,  -999.9999900,     0.0717730,  -999.9999900,  -999.9999900
                  SDSSJ1218+1807,   184.5466240,    18.1307055,  -999.9999900,  -999.9999900,    20.1364960,  -999.9999900,  -999.9999900	-999.9999900,  -999.9999900,     0.1165030,  -999.9999900,  -999.9999900
                  SDSSJ1221+4445,   185.4434197,    44.7577911,  -999.9999900,  -999.9999900,    19.6832470,  -999.9999900,  -999.9999900	-999.9999900,  -999.9999900,     0.0849870,  -999.9999900,  -999.9999900
                  SDSSJ1222+1958,   185.6581819,    19.9785907,  -999.9999900,  -999.9999900,    19.7914310,  -999.9999900,  -999.9999900	-999.9999900,  -999.9999900,     0.1109590,  -999.9999900,  -999.9999900
                  SDSSJ1233+0622,   188.3894733,     6.3761650,  -999.9999900,    19.8137320,    19.7230400,    19.3590890,    19.3676100	-999.9999900,     0.0499330,     0.0466050,     0.0518760,     0.0732670
                  SDSSJ1236+4657,   189.0252080,    46.9569805,  -999.9999900,  -999.9999900,    19.6131630,  -999.9999900,  -999.9999900	-999.9999900,  -999.9999900,     0.0611190,  -999.9999900,  -999.9999900
                  SDSSJ1242+5213,   190.6996629,    52.2185332,  -999.9999900,  -999.9999900,    19.4337220,  -999.9999900,  -999.9999900	-999.9999900,  -999.9999900,     0.0809820,  -999.9999900,  -999.9999900
                  SDSSJ1250+3130,   192.7163615,    31.5060828,  -999.9999900,    20.2531150,    20.0226550,    19.6333830,    19.3330880	-999.9999900,     0.0632970,     0.0734200,     0.0943140,     0.0585550
                  SDSSJ1306+0356,   196.5344701,     3.9406556,  -999.9999900,    19.7153910,    19.4939210,    19.3944050,    19.3455720	-999.9999900,     0.0721210,     0.0736950,     0.0869940,     0.0856680
                  SDSSJ1314+5432,   198.6683740,    54.5436694,  -999.9999900,  -999.9999900,    19.7085630,  -999.9999900,  -999.9999900	-999.9999900,  -999.9999900,     0.0645610,  -999.9999900,  -999.9999900
                  SDSSJ1334+1220,   203.5523482,    12.3390862,  -999.9999900,    19.4518500,    19.2755930,    19.0590530,    19.0086040	-999.9999900,     0.0443590,     0.0328500,     0.0452550,     0.0420660
                  SDSSJ1335+3533,   203.9617127,    35.5543943,  -999.9999900,    19.9908810,    19.7847160,    19.7329300,    19.5559670	-999.9999900,     0.0959210,     0.1107260,     0.0915380,     0.1164600
                  SDSSJ1337+4155,   204.3700420,    41.9277372,  -999.9999900,  -999.9999900,    19.5015870,  -999.9999900,  -999.9999900	-999.9999900,  -999.9999900,     0.0748560,  -999.9999900,  -999.9999900
                  SDSSJ1340+2813,   205.1676667,    28.2244889,  -999.9999900,    19.4604020,    19.2766420,    19.0751760,    18.9533250	-999.9999900,     0.0372480,     0.0429910,     0.0392920,     0.0434170
                  SDSSJ1340+3926,   205.0626338,    39.4418596,  -999.9999900,  -999.9999900,    19.3027040,  -999.9999900,  -999.9999900	-999.9999900,  -999.9999900,     0.0428070,  -999.9999900,  -999.9999900
                  SDSSJ1341+3510,   205.4750816,    35.1682539,  -999.9999900,    19.7035940,    19.4575460,    19.1408370,    19.0985620	-999.9999900,     0.0747730,     0.0966820,     0.0966990,     0.0776770
                  SDSSJ1341+4611,   205.4227500,    46.1861944,  -999.9999900,  -999.9999900,    20.5960160,  -999.9999900,  -999.9999900	-999.9999900,  -999.9999900,     0.2040450,  -999.9999900,  -999.9999900
                  SDSSJ1345+2329,   206.3609268,    23.4970482,  -999.9999900,    18.3567200,    18.3330860,    18.2148720,    18.2298470	-999.9999900,     0.0202750,     0.0243650,     0.0288000,     0.0308360
                  SDSSJ1411+1217,   212.7970333,    12.2936897,  -999.9999900,    20.0654140,    20.0574740,    19.6608450,    19.4153540	-999.9999900,     0.0391830,     0.0452060,     0.0510590,     0.0478930
                  SDSSJ1423+1303,   215.8580071,    13.0501956,  -999.9999900,    19.3209200,    19.2244680,    19.0245060,    18.9261000	-999.9999900,     0.0357410,     0.0303750,     0.0301540,     0.0331600
                  SDSSJ1427+3522,   216.8737083,    35.3691611,  -999.9999900,  -999.9999900,    20.7209870,  -999.9999900,  -999.9999900	-999.9999900,  -999.9999900,     0.2098630,  -999.9999900,  -999.9999900
                  SDSSJ1429+3304,   217.4082083,    33.0711667,  -999.9999900,    20.6559830,    20.7424140,  -999.9999900,    20.4507260	-999.9999900,     0.0269400,     0.2113020,  -999.9999900,     0.0292530
                  SDSSJ1436+2132,   219.0208457,    21.5442366,  -999.9999900,  -999.9999900,    19.4539530,  -999.9999900,  -999.9999900	-999.9999900,  -999.9999900,     0.0675530,  -999.9999900,  -999.9999900
                  SDSSJ1436+5007,   219.0489157,    50.1186544,  -999.9999900,  -999.9999900,    19.8894820,  -999.9999900,  -999.9999900	-999.9999900,  -999.9999900,     0.1034520,  -999.9999900,  -999.9999900
                  SDSSJ1437+2323,   219.4659379,    23.3870416,  -999.9999900,  -999.9999900,    19.3044240,  -999.9999900,  -999.9999900	-999.9999900,  -999.9999900,     0.0540860,  -999.9999900,  -999.9999900
                  SDSSJ1443+3623,   220.9611144,    36.3875378,  -999.9999900,  -999.9999900,    18.9702850,  -999.9999900,  -999.9999900	-999.9999900,  -999.9999900,     0.0461220,  -999.9999900,  -999.9999900
                  SDSSJ1510+5148,   227.6470542,    51.8114154,  -999.9999900,  -999.9999900,    19.4904730,  -999.9999900,  -999.9999900	-999.9999900,  -999.9999900,     0.0694570,  -999.9999900,  -999.9999900
                  SDSSJ1523+3347,   230.9404190,    33.7999564,  -999.9999900,  -999.9999900,    19.8959310,  -999.9999900,  -999.9999900	-999.9999900,  -999.9999900,     0.0988160,  -999.9999900,  -999.9999900
                  SDSSJ1524+0816,   231.0170833,     8.2775833,  -999.9999900,    20.6953430,    20.5257100,    20.3513970,    20.1449280	-999.9999900,     0.1363710,     0.1012730,     0.1464430,     0.0576210
                  SDSSJ1602+4228,   240.7249088,    42.4735952,  -999.9999900,    19.6487330,    19.5321250,    19.1505320,    18.9492500	-999.9999900,     0.0566560,     0.0506060,     0.0523080,     0.0534080
                  SDSSJ1614+0114,   243.6473330,     1.2457750,  -999.9999900,  -999.9999900,    20.0631700,  -999.9999900,  -999.9999900	-999.9999900,  -999.9999900,     0.1045940,  -999.9999900,  -999.9999900
                  SDSSJ1614+2059,   243.6960000,    20.9841583,  -999.9999900,  -999.9999900,    19.5332810,  -999.9999900,  -999.9999900	-999.9999900,  -999.9999900,     0.0677030,  -999.9999900,  -999.9999900
                  SDSSJ1614+4640,   243.6047083,    46.6747056,  -999.9999900,  -999.9999900,    19.5926590,  -999.9999900,  -999.9999900	-999.9999900,  -999.9999900,     0.0720960,  -999.9999900,  -999.9999900
                  SDSSJ1621+5155,   245.2538300,    51.9302200,  -999.9999900,  -999.9999900,    19.4460490,  -999.9999900,  -999.9999900	-999.9999900,  -999.9999900,     0.0801290,  -999.9999900,  -999.9999900
                  SDSSJ1623+3112,   245.8825602,    31.2001475,  -999.9999900,    20.4318430,    19.7029500,    19.7118680,    19.5586030	-999.9999900,     0.0698780,     0.0402650,     0.0590670,     0.0552270
                  SDSSJ1626+2751,   246.6104204,    27.8590266,  -999.9999900,    18.5990920,    18.2954100,    17.9438000,    17.8728680	-999.9999900,     0.0144270,     0.0096960,     0.0129380,     0.0156280
                  SDSSJ1626+2858,   246.6216700,    28.9826600,  -999.9999900,    19.6283700,    19.5151180,    19.3688470,    19.4676100	-999.9999900,     0.0369900,     0.0221090,     0.0112960,     0.0599280
                  SDSSJ1630+4012,   247.6412639,    40.2026929,  -999.9999900,    20.7495420,    20.4455300,    20.3077850,    20.1312370	-999.9999900,     0.1805070,     0.1168210,     0.1980070,     0.1775470
                  SDSSJ1650+1617,   252.6760830,    16.2893055,  -999.9999900,  -999.9999900,    19.5280060,  -999.9999900,  -999.9999900	-999.9999900,  -999.9999900,     0.0695890,  -999.9999900,  -999.9999900
                  SDSSJ1659+2709,   254.7588333,    27.1597750,  -999.9999900,  -999.9999900,    18.6843760,  -999.9999900,  -999.9999900	-999.9999900,  -999.9999900,     0.0341700,  -999.9999900,  -999.9999900
                  SDSSJ2053+0047,   313.3407000,     0.7852222,  -999.9999900,    21.5718060,    20.3917270,    20.4296700,    20.2733400	-999.9999900,     0.4109630,     0.1786360,     0.2637760,     0.1999000
                  SDSSJ2054-0005,   313.5270400,    -0.0874444,  -999.9999900,    21.2245520,    20.5694890,    20.7779430,    20.2894020	-999.9999900,     0.2784700,     0.2052510,     0.3969720,     0.2076250
                  SDSSJ2118-0003,   319.5530416,    -0.0640833,  -999.9999900,  -999.9999900,  -999.9999900,  -999.9999900,    20.5754090	-999.9999900,  -999.9999900,  -999.9999900,  -999.9999900,     0.0678530
                  SDSSJ2119+1029,   319.8680000,    10.4851667,  -999.9999900,  -999.9999900,    20.0851900,  -999.9999900,  -999.9999900	-999.9999900,  -999.9999900,     0.1327420,  -999.9999900,  -999.9999900
                  SDSSJ2119-0040,   319.9662083,    -0.6722500,  -999.9999900,    22.3621600,    21.3716830,    20.6342300,    21.5661540	-999.9999900,     0.7715950,     0.4740500,     0.3324170,     0.1541530
                  SDSSJ2147+0107,   326.9808700,     1.1320277,  -999.9999900,    21.2289560,    20.1481900,    21.3378220,    21.4146500	-999.9999900,     0.3038880,     0.1573710,     0.5170960,     0.5620450
                  SDSSJ2211+0011,   332.9208750,     0.1885833,  -999.9999900,    21.7402970,    21.7046360,    20.6315540,    21.0493050	-999.9999900,     0.3975730,     0.0370770,     0.3181720,     0.0304100
                  SDSSJ2212-0042,   333.2145417,    -0.7085278,  -999.9999900,    20.7099190,    20.3978800,    19.9960730,    19.8496900	-999.9999900,     0.1790600,     0.0111170,     0.0227210,     0.0093220
                  SDSSJ2216+0013,   334.1834167,     0.2300278,  -999.9999900,    20.3033810,    20.1403430,    19.9046690,    19.6975350	-999.9999900,     0.0076070,     0.0075660,     0.1579250,     0.0079400
                  SDSSJ2220-0101,   335.0770400,    -1.0296911,  -999.9999900,    20.3943330,    23.1534980,    20.0245200,    22.3755400	-999.9999900,     0.0674490,     0.1518940,     0.0913760,     0.1140380
                  SDSSJ2228+0110,   337.1814100,     1.1756111,  -999.9999900,    22.6102300,    22.6379280,    22.2860600,    20.5676650	-999.9999900,     0.4863870,     0.7572760,     0.6471250,     0.2555910
                  SDSSJ2233-0107,   338.3651666,    -1.1178888,  -999.9999900,  -999.9999900,  -999.9999900,    21.0772110,    22.0144040	-999.9999900,  -999.9999900,  -999.9999900,     0.3499760,     1.0311640
                  SDSSJ2238-0027,   339.7091666,    -0.4505000,  -999.9999900,    21.3702130,    21.8060130,    21.0018670,    21.6649970	-999.9999900,     0.2408790,     0.5462880,     0.4360820,     0.7641910
                  SDSSJ2239+0030,   339.7814999,     0.5062777,  -999.9999900,    21.1050590,    21.0555200,    20.4823840,  -999.9999900	-999.9999900,     0.2457630,     0.3212130,     0.2738330,  -999.9999900
                  SDSSJ2245+0024,   341.3511249,     0.4039444,  -999.9999900,    21.7060130,    22.7411690,    20.6171760,    21.0024380	-999.9999900,     0.4192580,     1.6260770,     0.3516340,     0.4629610
                  SDSSJ2307+0031,   346.8972900,     0.5303888,  -999.9999900,    22.4666960,    20.5372560,    21.3606070,    21.2122170	-999.9999900,     0.9162170,     0.1520040,     0.6344190,     0.4900510
                  SDSSJ2310+1855,   347.6620586,    18.9222017,  -999.9999900,  -999.9999900,    18.8616450,  -999.9999900,  -999.9999900	-999.9999900,  -999.9999900,     0.0375730,  -999.9999900,  -999.9999900
                  SDSSJ2312+0100,   348.0684999,     1.0143055,  -999.9999900,    21.5763440, -9.999995E008,    20.2081050,    20.1882880	-999.9999900,     0.4173370, -9.999995E008,     0.2376790,     0.2152500
                  SDSSJ2317+2244,   349.4093750,    22.7360083,  -999.9999900,  -999.9999900,    18.9766580,  -999.9999900,  -999.9999900	-999.9999900,  -999.9999900,     0.0457200,  -999.9999900,  -999.9999900
                  SDSSJ2334-0010,   353.7293749,    -0.1728055,  -999.9999900,    22.6909400,    20.8082620,    21.2313100,    20.9937930	-999.9999900,     0.9455880,     0.0750170,     0.4369920,     0.3663870
                  SDSSJ2356+0023,   359.2149100,     0.3925833,  -999.9999900,    22.3723980,    21.3066390,    21.3363040,    22.0806100	-999.9999900,     0.4750110,     0.2297780,     0.5292570,     1.0250430
                  SDUVJ0108+0711,    17.0274999,     7.1890556,  -999.9999900,    19.9592190,    19.8209060,    19.5474990,    19.5598400	-999.9999900,     0.0702460,     0.0875400,     0.0889680,     0.0927000
                  SDUVJ0113+0559,    18.4739583,     5.9975278,  -999.9999900,    20.3350120,    20.2065200,    19.7650180,    19.6209800	-999.9999900,     0.0940540,     0.1182300,     0.1083200,     0.0923620
                  SDUVJ0829+2506,   127.3879166,    25.1126667,  -999.9999900,    19.8321690,    19.6256560,    19.5034400,    19.3661370	-999.9999900,     0.0556860,     0.0457570,     0.1079320,     0.0946910
                  SDUVJ0957+1016,   149.3008333,    10.2718056,  -999.9999900,    19.9532570,    19.9745750,    19.6933920,    19.8697800	-999.9999900,     0.0785710,     0.0606040,     0.0764320,     0.0920970
                  SDUVJ1006-0310,   151.5608750,    -3.1751111,  -999.9999900,    19.7377240,    19.6937180,    19.3091300,    19.1394600	-999.9999900,     0.0596530,     0.0486160,     0.0548000,     0.0642720
                  SDUVJ1022+0801,   155.5079583,     8.0228333,  -999.9999900,    19.1809100,    19.0470300,    18.9399850,    18.8056560	-999.9999900,     0.0251570,     0.0265410,     0.0314510,     0.0310280
                  SDUVJ1133+1603,   173.2865833,    16.0654722,  -999.9999900,    19.7059520,    19.7987000,    19.6287920,    19.4717600	-999.9999900,     0.0531790,     0.0623350,     0.0738830,     0.0776830
                  SDUVJ1134+0828,   173.5592917,     8.4814722,  -999.9999900,    20.2308710,    20.3002700,    19.9193170,    19.7587950	-999.9999900,     0.0470870,     0.0559020,     0.0639580,     0.0628890
                  SDUVJ1147-0109,   176.7767083,    -1.1661667,  -999.9999900,    19.1797810,  -999.9999900,  -999.9999900,  -999.9999900	-999.9999900,     0.0288950,  -999.9999900,  -999.9999900,  -999.9999900
                  SDUVJ1149+0748,   177.4435417,     7.8140556,  -999.9999900,    20.3543320,    20.2920900,    20.0777510,    19.8838670	-999.9999900,     0.0682780,     0.0861730,     0.1125430,     0.1107100
                  SDUVJ1317-0239,   199.3365833,    -2.6536111,  -999.9999900,    20.9228340,    20.5601730,    20.3651310,    20.2668550	-999.9999900,     0.1635210,     0.1520350,     0.1269070,     0.1434500
                  SDUVJ1335-0328,   203.9843333,    -3.4772778,  -999.9999900,    18.7392270,    18.6776470,    18.5586130,    18.3979990	-999.9999900,     0.0207120,     0.0223730,     0.0499330,     0.0387540
                  SDUVJ1513+0854,   228.4151667,     8.9018056,  -999.9999900,    19.8672660,    19.9700220,    19.7817700,    19.7598020	-999.9999900,     0.0497320,     0.0477390,     0.0557350,     0.0663510
                  SDUVJ1527+0641,   231.8035833,     6.6894167,  -999.9999900,    19.8454400,    19.6073720,    19.4834750,    19.5518630	-999.9999900,     0.0611410,     0.0392370,     0.0618980,     0.0760060
                  SDUVJ2330+0957,   352.5362917,     9.9621389,  -999.9999900,    19.7872430,    19.6830480,    19.1672150,    19.1446760	-999.9999900,     0.0518210,     0.0649230,     0.0554650,     0.0471280
                  ULASJ0148+0600,    27.1568128,     6.0055734,    19.2275620,    19.5195100,    19.1136230,    19.1250670,    19.0223920	   0.0111630,     0.0472720,     0.0160990,     0.0586100,     0.0535320
                  ULASJ0203+0012,    30.8849155,     0.2081304,  -999.9999900,    20.4643920,    19.9454520,    19.1180250,    19.2157420	-999.9999900,     0.0915070,     0.0800960,     0.0528070,     0.0712120
                  ULASJ0828+2633,   127.0558622,    26.5654140,  -999.9999900,    20.5976540,    20.5306600,    20.3556480,    20.0838700	-999.9999900,     0.0459260,     0.0567640,     0.2454500,     0.1705220
                  ULASJ1120+0641,   170.0061600,     6.6900833,  -999.9999900,    20.2434500,    20.1647950,    20.1564040,    19.6133730	-999.9999900,     0.0358040,     0.0535960,     0.0483220,     0.0395630
                  ULASJ1148+0702,   177.0137037,     7.0356349,  -999.9999900,    20.3127000,    20.1971840,    19.7657680,    19.4179440	-999.9999900,     0.0295190,     0.0411780,     0.0915320,     0.0720010
                  ULASJ1207+0630,   181.9059988,     6.5028433,  -999.9999900,    20.1988930,    20.2198540,    20.0539420,    19.4328820	-999.9999900,     0.0360410,     0.0468990,     0.1537010,     0.0933890
                  ULASJ1243+2529,   190.9200541,    25.4899697,    20.4918650,    20.1808700,    20.1153470,    19.6559140,    19.3569930	   0.1027200,     0.0296570,     0.0413880,     0.0488100,     0.0433310
                  ULASJ1319+0950,   199.7970850,     9.8476434,  -999.9999900,    19.8418100,    19.5797650,    19.7162590,    19.4397130	-999.9999900,     0.0466440,     0.0351580,     0.0981590,     0.0660240
                  ULASJ1342+0928,   205.5337500,     9.4773889,  -999.9999900,    21.3593030,    20.6440070,    20.0095770,    20.0099450	-999.9999900,     0.1359880,     0.0703910,     0.0865320,     0.0911010
                  ULASJ1609+3041,   242.4052913,    30.6966052,  -999.9999900,    20.6696800,    20.4884300,    20.1666770,    20.0995270	-999.9999900,     0.1039670,     0.0814730,     0.1555680,     0.1978240
                 CFHQSJ0050+3445,    12.5277710,    34.7560148,  -999.9999900,  -999.9999900,    19.9657520,  -999.9999900,  -999.9999900	-999.9999900,  -999.9999900,     0.1200010,  -999.9999900,  -999.9999900
                 CFHQSJ0055+0146,    13.7621250,     1.7717500,  -999.9999900,    24.1233480,    23.0332700,    22.3835600,    21.0834400	-999.9999900,     2.5253790,     1.4428140,     1.3336620,     0.3736500
                 CFHQSJ0136+0226,    24.0132080,     2.4349166,  -999.9999900, -9.999995E008, -9.999995E008,    22.7326070, -9.999995E008	-999.9999900, -9.999995E008, -9.999995E008,     1.6755900, -9.999995E008
                 CFHQSJ0210-0456,    32.5549580,    -4.9391388,  -999.9999900,  -999.9999900,    22.0991440,  -999.9999900,  -999.9999900	-999.9999900,  -999.9999900,     0.1245640,  -999.9999900,  -999.9999900
                 CFHQSJ0216-0455,    34.1158750,    -4.9261388,  -999.9999900,    24.6372000,    26.2824540, -9.999995E008, -9.999995E008	-999.9999900,     0.2472520,     0.4374230, -9.999995E008, -9.999995E008
                 CFHQSJ1429+5447,   217.4673700,    54.7882490,  -999.9999900,    20.8018680,    20.7089520,  -999.9999900,  -999.9999900	-999.9999900,     0.0431130,     0.0548670,  -999.9999900,  -999.9999900
                 CFHQSJ1641+3755,   250.3405347,    37.9222629,    22.6930580,  -999.9999900,    21.1404780, -9.999995E008,    20.8350960	   0.8804060,  -999.9999900,     0.2145160, -9.999995E008,     0.3044600
                 CFHQSJ2242+0334,   340.6564500,     3.5726666,  -999.9999900,    22.5994190,    21.7212900,    22.4464230,    24.0128040	-999.9999900,     0.7287690,     0.4474590,     0.9169930,     5.2608680
                 FIRSTJ1427+3312,   216.9107900,    33.2116660,  -999.9999900,    21.1300410,    20.7129440,  -999.9999900,    19.9348350	-999.9999900,     0.0323690,     0.2489750,  -999.9999900,     0.0166990
                 NDWFSJ1425+3254,   216.3180505,    32.9026503,  -999.9999900,    20.3532050,    20.1854570,  -999.9999900,    20.1544530	-999.9999900,     0.0191710,     0.1434230,  -999.9999900,     0.0215680
                 SDSSJ0221-0342B,    35.3025416,    -3.7145000,  -999.9999900,  -999.9999900,    19.4563960,  -999.9999900,    19.1022450	-999.9999900,  -999.9999900,     0.0049020,  -999.9999900,     0.0045420
                SDWISEJ0008+3616,     2.2142917,    36.2704138,  -999.9999900,  -999.9999900,    19.3310990,  -999.9999900,  -999.9999900	-999.9999900,  -999.9999900,     0.0632650,  -999.9999900,  -999.9999900
                SDWISEJ0025-0145,     6.3618333,    -1.7590306,  -999.9999900,  -999.9999900,  -999.9999900,    17.7449320,  -999.9999900	-999.9999900,  -999.9999900,  -999.9999900,     0.0039980,  -999.9999900
                SDWISEJ0031+0710,     7.8577500,     7.1769222,  -999.9999900,    20.0273840,    20.1965710,    19.4855080,    19.6098770	-999.9999900,     0.0823960,     0.1460730,     0.1059330,     0.1233970
                SDWISEJ0115-0253,    18.9427916,    -2.8867333,    19.8818200,    19.9065250,    19.6213070,    19.5280250,    19.5025310	   0.0757650,     0.0850580,     0.0746330,     0.0866880,     0.0864320
                SDWISEJ0131-0321,    22.8639166,    -3.3500527,  -999.9999900,  -999.9999900,    17.8452010,  -999.9999900,  -999.9999900	-999.9999900,  -999.9999900,     0.0350720,  -999.9999900,  -999.9999900
                SDWISEJ0155+0415,    28.8886666,     4.2518725,  -999.9999900,    19.6336020,    19.2100330,    19.0072080,    18.9111210	-999.9999900,     0.0583920,     0.0523750,     0.0470940,     0.0528130
                SDWISEJ0216+2304,    34.1006666,    23.0692972,  -999.9999900,  -999.9999900,    19.3316170,  -999.9999900,  -999.9999900	-999.9999900,  -999.9999900,     0.0672400,  -999.9999900,  -999.9999900
                SDWISEJ0241+0435,    40.4705000,     4.5981833,  -999.9999900,    19.8534700,    19.5241740,    19.0184960,    19.1608370	-999.9999900,     0.0743570,     0.0746100,     0.0782720,     0.0825160
                SDWISEJ0306+1853,    46.6771250,    18.8877361,    17.4403460,  -999.9999900,    17.1054120,  -999.9999900,  -999.9999900	   0.0054080,  -999.9999900,     0.0054520,  -999.9999900,  -999.9999900
                SDWISEJ0747+1153,   116.9549166,    11.8979055,  -999.9999900,  -999.9999900,    18.1123710,  -999.9999900,  -999.9999900	-999.9999900,  -999.9999900,     0.0141950,  -999.9999900,  -999.9999900
                SDWISEJ0812+0440,   123.2034166,     4.6823722,  -999.9999900,  -999.9999900,    19.6387840,  -999.9999900,  -999.9999900	-999.9999900,  -999.9999900,     0.0676970,  -999.9999900,  -999.9999900
                SDWISEJ1332+2208,   203.2393749,    22.1433083,  -999.9999900,  -999.9999900,    19.0412480,  -999.9999900,  -999.9999900	-999.9999900,  -999.9999900,     0.0500420,  -999.9999900,  -999.9999900
                SDWISEJ1601-1828,   240.2964999,   -18.4764111,  -999.9999900,  -999.9999900,  -999.9999900,    18.7220900,    18.5998100	-999.9999900,  -999.9999900,  -999.9999900,     0.0521080,     0.0244900
                SDWISEJ1623+4705,   245.8136666,    47.0999722,  -999.9999900,  -999.9999900,    18.7378540,  -999.9999900,  -999.9999900	-999.9999900,  -999.9999900,     0.0392560,  -999.9999900,  -999.9999900
                SDWISEJ1656+4541,   254.1477499,    45.6870972,  -999.9999900,  -999.9999900,    19.0213780,  -999.9999900,  -999.9999900	-999.9999900,  -999.9999900,     0.0390000,  -999.9999900,  -999.9999900
                SDWISEJ1659+3239,   254.9626250,    32.6579527,  -999.9999900,  -999.9999900,    19.6053810,  -999.9999900,  -999.9999900	-999.9999900,  -999.9999900,     0.0803610,  -999.9999900,  -999.9999900
                SDWISEJ1752+5036,   268.1837500,    50.6091805,  -999.9999900,  -999.9999900,    18.5378820,  -999.9999900,  -999.9999900	-999.9999900,  -999.9999900,     0.0095140,  -999.9999900,  -999.9999900
                SDWISEJ2201+0302,   330.2776249,     3.0354750,  -999.9999900,    19.2113130,    18.9796090,    18.6743130,    18.6644730	-999.9999900,     0.0060970,     0.0066560,     0.0302350,     0.0387810
                SDWISEJ2202+1509,   330.6115416,    15.1645500,  -999.9999900,  -999.9999900,    18.5605470,  -999.9999900,  -999.9999900	-999.9999900,  -999.9999900,     0.0312140,  -999.9999900,  -999.9999900
                SDWISEJ2225+0330,   336.3099166,     3.5034722,  -999.9999900,    19.4886380,    19.2799640,    19.2457980,    19.1025090	-999.9999900,     0.0357430,     0.0387740,     0.0732430,     0.0526420
                SDWISEJ2329+3003,   352.4137500,    30.0641055,  -999.9999900,  -999.9999900,    18.9835570,  -999.9999900,  -999.9999900	-999.9999900,  -999.9999900,     0.0371740,  -999.9999900,  -999.9999900
                SDWISEJ2344+1653,   356.1395833,    16.8879111,  -999.9999900,  -999.9999900,    18.5305020,  -999.9999900,  -999.9999900	-999.9999900,  -999.9999900,     0.0270240,  -999.9999900,  -999.9999900
               ELAIS1091000446.0,   240.9544583,    55.1756389,  -999.9999900,  -999.9999900, -9.999995E008,  -999.9999900,    24.3369050	-999.9999900,  -999.9999900, -9.999995E008,  -999.9999900,     0.5750320
               SHELLQsJ0834+0211,   128.5036667,     2.1963611,  -999.9999900,    22.2788120,    23.4412270, -9.999995E008, -9.999995E008	-999.9999900,     0.4827020,     1.4950620, -9.999995E008, -9.999995E008
               SHELLQsJ0844-0052,   131.1316666,    -0.8818333,  -999.9999900,    28.9112820,    25.4377200, -9.999995E008, -9.999995E008	-999.9999900,   353.1015300,    12.5544560, -9.999995E008, -9.999995E008
               SHELLQsJ0844-0132,   131.0358750,    -1.5379167,  -999.9999900, -9.999995E008, -9.999995E008, -9.999995E008, -9.999995E008	-999.9999900, -9.999995E008, -9.999995E008, -9.999995E008, -9.999995E008
               SHELLQsJ0853+0139,   133.4535000,     1.6530556,  -999.9999900,    23.4428000,    22.8194710,    21.8945100, -9.999995E008	-999.9999900,     1.1704540,     0.7292210,     0.7985630, -9.999995E008
               SHELLQsJ0857+0056,   134.4105416,     0.9368611,  -999.9999900,    24.1038440,    23.5459180, -9.999995E008,    23.5493600	-999.9999900,     1.7770510,     0.8942080, -9.999995E008,     2.1238920
               SHELLQsJ0858+0000,   134.5562917,     0.0158611,  -999.9999900,    22.0501020,    21.4340670,    21.9327200,    21.6678520	-999.9999900,     0.4111290,     0.2134070,     0.6268250,     0.7630370
               SHELLQsJ0902+0155,   135.7286250,     1.9196944,  -999.9999900,    22.4424210,    22.6014480,    23.4273820,    21.5866800	-999.9999900,     0.7009470,     0.3782620,     0.3604310,     0.6300110
               SHELLQsJ0903+0211,   135.8111666,     2.1911944,  -999.9999900,    23.0209300, -9.999995E008, -9.999995E008, -9.999995E008	-999.9999900,     1.2097130, -9.999995E008, -9.999995E008, -9.999995E008
               SHELLQsJ0905+0300,   136.4360416,     3.0163333,  -999.9999900, -9.999995E008, -9.999995E008,    25.1547130,    22.8716220	-999.9999900, -9.999995E008, -9.999995E008,     4.6051240,     1.7662210
               SHELLQsJ0909+0440,   137.3395833,     4.6785833,  -999.9999900,    21.6118350,    22.1741400,    22.9539700,    21.8576090	-999.9999900,     0.2285390,     0.5599650,     1.8900180,     0.7843660
               SHELLQsJ0911+0152,   137.8094583,     1.8720556,  -999.9999900, -9.999995E008,    25.2321470, -9.999995E008,    21.3234230	-999.9999900, -9.999995E008,     8.4813260, -9.999995E008,     0.4460540
               SHELLQsJ0918+0139,   139.6382083,     1.6564722,  -999.9999900,    22.6304910, -9.999995E008,    25.8581830,    21.9834120	-999.9999900,     0.6436820, -9.999995E008,    19.3974460,     0.7719660
               SHELLQsJ0921+0007,   140.3356667,     0.1230278,  -999.9999900,    21.0155030,    21.1129880,    20.8700490,    20.3809620	-999.9999900,     0.1897610,     0.2104640,     0.2949160,     0.2210050
               SHELLQsJ0923+0402,   140.9463333,     4.0484444,  -999.9999900,    20.9511000,    20.2254090,    19.9534570,    19.5181000	-999.9999900,     0.1415850,     0.1026800,     0.1479970,     0.0923970
               SHELLQsJ0957+0053,   149.4182917,     0.8926667,  -999.9999900, -9.999995E008,    22.8967460, -9.999995E008, -9.999995E008	-999.9999900, -9.999995E008,     0.5922200, -9.999995E008, -9.999995E008
               SHELLQsJ1004+0239,   151.0056667,     2.6585278,  -999.9999900,    22.0381980,    22.5414070,    22.4440820,    21.8991570	-999.9999900,     0.4647240,     0.0740600,     0.1095100,     0.0765270
               SHELLQsJ1146+0124,   176.7017500,     1.4055833,  -999.9999900,    22.6526010,    22.6798840,    23.8120780,    22.5111750	-999.9999900,     0.8702560,     0.3081920,     1.7174170,     0.3150580
               SHELLQsJ1146-0005,   176.7453750,    -0.0938056,  -999.9999900, -9.999995E008,    21.8584500, -9.999995E008,    21.5545500	-999.9999900, -9.999995E008,     0.6059110, -9.999995E008,     0.5280920
               SHELLQsJ1146-0154,   176.6360833,    -1.9106389,  -999.9999900,  -999.9999900, -9.999995E008,    23.2887740, -9.999995E008	-999.9999900,  -999.9999900, -9.999995E008,     2.4124270, -9.999995E008
               SHELLQsJ1208-0200,   182.2467917,    -2.0096667,  -999.9999900,    22.0766890,    21.4905010,    22.8867990,    21.7964880	-999.9999900,     0.3152350,     0.3908750,     1.1082930,     0.5643720
               SHELLQsJ1209-0006,   182.3499583,    -0.1129167,  -999.9999900,    23.4536570,    22.1601500,    22.9421060,    21.5165230	-999.9999900,     2.0522420,     0.5143290,     1.9749890,     0.6847920
               SHELLQsJ1219+0050,   184.7722500,     0.8437500,  -999.9999900,    25.2368100,    21.2066440,    21.7178920,    20.5742860	-999.9999900,    11.2885160,     0.2436020,     0.5584500,     0.2664810
               SHELLQsJ1400-0011,   210.1199583,    -0.1976389,  -999.9999900,    23.0414580,    22.4174540,    23.3612020,    23.9034120	-999.9999900,     0.7778460,     0.4271020,     1.9290690,     3.2898670
               SHELLQsJ1400-0125,   210.1249583,    -1.4225000,  -999.9999900,    22.7490020,    21.5700040,    21.8538780,    21.2444650	-999.9999900,     0.8781440,     0.2767010,     0.4708200,     0.3556230
               SHELLQsJ1406-0116,   211.6213333,    -1.2697778,  -999.9999900,    22.6503980,    21.7889210,    22.1792500,    21.7284740	-999.9999900,     0.9242950,     0.4000560,     0.9113610,     0.6740740
               SHELLQsJ1414+0130,   213.6647500,     1.5101389,  -999.9999900, -9.999995E008,    22.0080100,    22.4524100,    22.8432880	-999.9999900, -9.999995E008,     0.6060040,     1.4352860,     2.2288820
               SHELLQsJ1416+0015,   214.0529583,     0.2628333,  -999.9999900,    23.1745530, -9.999995E008, -9.999995E008, -9.999995E008	-999.9999900,     0.6652520, -9.999995E008, -9.999995E008, -9.999995E008
               SHELLQsJ1416+0147,   214.2208750,     1.7839444,  -999.9999900,    22.5886020, -9.999995E008,    23.0720710,    21.6869470	-999.9999900,     0.9377220, -9.999995E008,     2.2918440,     0.7014610
               SHELLQsJ1417+0117,   214.3694583,     1.2867778,  -999.9999900, -9.999995E008, -9.999995E008,    24.2885530,    23.0589100	-999.9999900, -9.999995E008, -9.999995E008,     5.5716880,     2.2049390
               SHELLQsJ1422+0011,   215.5009583,     0.1841667,  -999.9999900, -9.999995E008,    26.2492350, -9.999995E008, -9.999995E008	-999.9999900, -9.999995E008,    18.8990210, -9.999995E008, -9.999995E008
               SHELLQsJ1423-0018,   215.8821250,    -0.3025278,  -999.9999900,    22.5245780,    23.5582710, -9.999995E008,    22.4129580	-999.9999900,     0.5453600,     1.6025830, -9.999995E008,     0.7682370
               SHELLQsJ1425-0015,   216.3238333,    -0.2613611,  -999.9999900,    23.0470890,    21.4589300,    22.9770830,    21.5507620	-999.9999900,     1.3254860,     0.4472860,     1.4984240,     0.4571110
               SHELLQsJ1429-0002,   217.2925833,    -0.0353889,  -999.9999900, -9.999995E008, -9.999995E008,    24.0932200,    21.7007180	-999.9999900, -9.999995E008, -9.999995E008,     4.2299950,     0.5797440
               SHELLQsJ1429-0104,   217.2628333,    -1.0787222,  -999.9999900,    22.6873400,    23.3922500,    27.6178400, -9.999995E008	-999.9999900,     0.8269440,     1.7870580,   102.4495300, -9.999995E008
               SHELLQsJ1545+4232,   236.2734167,    42.5365556,  -999.9999900,  -999.9999900,    22.6594540,  -999.9999900,  -999.9999900	-999.9999900,  -999.9999900,     0.8345880,  -999.9999900,  -999.9999900
               SHELLQsJ1550+4318,   237.5038750,    43.3007778,  -999.9999900,  -999.9999900,    24.6543940,  -999.9999900,  -999.9999900	-999.9999900,  -999.9999900,     7.9319420,  -999.9999900,  -999.9999900
               SHELLQsJ2201+0155,   330.3836250,     1.9247222,  -999.9999900,    24.9864270,    25.3075730,    24.0502550, -9.999995E008	-999.9999900,     1.0682970,     1.0303110,     8.4819970, -9.999995E008
               SHELLQsJ2210+0304,   332.6135000,     3.0745833,  -999.9999900,    23.2907830,    22.2991980,    22.0588150,    22.9603390	-999.9999900,     0.1846750,     0.0757680,     0.9064540,     2.0832420
               SHELLQsJ2223+0326,   335.7896250,     3.4389722,  -999.9999900,    21.5601220,    20.8838040,    21.0957010,    23.8602370	-999.9999900,     0.3207940,     0.2283680,     0.5488280,     5.7851320
               SHELLQsJ2228+0152,   337.1987917,     1.8779167,  -999.9999900,    23.1644380,    22.4186800,    21.7641000,    22.3198090	-999.9999900,     1.1103750,     0.7968460,     0.7604800,     1.3300140
               SHELLQsJ2231-0035,   337.9537083,    -0.5965278,  -999.9999900,  -999.9999900,    23.4975170,  -999.9999900,    26.1498260	-999.9999900,  -999.9999900,     0.4154620,  -999.9999900,    17.0030060
               SHELLQsJ2239+0207,   339.9477917,     2.1298611,  -999.9999900,    21.7573090,    21.8371000,    21.5844550,    21.0302750	-999.9999900,     0.3882790,     0.5810700,     0.4717620,     0.3661400
               SHELLQsJ2252+0225,   343.0226667,     2.4255278,  -999.9999900,    22.3977780, -9.999995E008,    24.2217960, -9.999995E008	-999.9999900,     0.7659580, -9.999995E008,     6.5506530, -9.999995E008
               SHELLQsJ2255+0251,   343.9085000,     2.8573889,  -999.9999900,    27.3533700, -9.999995E008,    21.4736160, -9.999995E008	-999.9999900,    63.6730600, -9.999995E008,     0.4111240, -9.999995E008
               VIMOS2911001793.0,   334.8217500,     1.0469167,  -999.9999900, -9.999995E008,    23.9568520,    21.9323650,    22.1524680	-999.9999900, -9.999995E008,     1.9097930,     0.9374510,     1.1985130
            PSOJ000.3401+26.8358,     0.3401135,    26.8358814,  -999.9999900,  -999.9999900,    19.2845860,  -999.9999900,  -999.9999900	-999.9999900,  -999.9999900,     0.0624580,  -999.9999900,  -999.9999900
            PSOJ002.3786+32.8702,     2.3787018,    32.8702618,  -999.9999900,  -999.9999900,    20.9944780,  -999.9999900,  -999.9999900	-999.9999900,  -999.9999900,     0.2489300,  -999.9999900,  -999.9999900
            PSOJ004.3936+17.0862,     4.3936135,    17.0863045,  -999.9999900,  -999.9999900,    20.5590950,  -999.9999900,  -999.9999900	-999.9999900,  -999.9999900,     0.2021080,  -999.9999900,  -999.9999900
            PSOJ006.1240+39.2219,     6.1240417,    39.2219306,  -999.9999900,  -999.9999900,    21.2806360,  -999.9999900,  -999.9999900	-999.9999900,  -999.9999900,     0.4216610,  -999.9999900,  -999.9999900
            PSOJ007.0273+04.9571,     7.0273329,     4.9571232,  -999.9999900,    20.3343930,    20.2269700,    20.2887780,    20.1892090	-999.9999900,     0.0559140,     0.0737230,     0.1083150,     0.1054990
            PSOJ011.3899+09.0325,    11.3898667,     9.0324889,  -999.9999900,    21.0375940,  -999.9999900,    20.6428130,    20.7605760	-999.9999900,     0.2342630,  -999.9999900,     0.1773090,     0.2512480
            PSOJ036.5078+03.0498,    36.5078068,     3.0498383,  -999.9999900,    19.4453100,    19.3958440,    19.3021530,    19.2842790	-999.9999900,     0.0461950,     0.0782900,     0.0731440,     0.0720520
            PSOJ040.0159+17.5458,    40.0159141,    17.5458092,  -999.9999900,  -999.9999900,    20.9311890,  -999.9999900,  -999.9999900	-999.9999900,  -999.9999900,     0.2149680,  -999.9999900,  -999.9999900
            PSOJ060.5529+24.8567,    60.5528945,    24.8567857,    20.3171060,    20.2758850,    19.9537640,    20.0798930,    19.5251640	   0.0766570,     0.1065710,     0.0800420,     0.1284110,     0.0461130
            PSOJ071.4507-02.3332,    71.4507500,    -2.3332900,  -999.9999900,  -999.9999900,    18.8315450,  -999.9999900,  -999.9999900	-999.9999900,  -999.9999900,     0.0775660,  -999.9999900,  -999.9999900
            PSOJ108.4429+08.9257,   108.4429416,     8.9257369,  -999.9999900,  -999.9999900,    19.0685940,  -999.9999900,  -999.9999900	-999.9999900,  -999.9999900,     0.0512600,  -999.9999900,  -999.9999900
            PSOJ127.2817+03.0657,   127.2817406,     3.0657009,  -999.9999900,    21.0449700,    20.9688470,    20.1976220,    20.1038000	-999.9999900,     0.1588920,     0.2212060,     0.1574220,     0.1584480
            PSOJ135.3860+16.2518,   135.3860431,    16.2518985,  -999.9999900,  -999.9999900,    20.5982070,  -999.9999900,  -999.9999900	-999.9999900,  -999.9999900,     0.1956280,  -999.9999900,  -999.9999900
            PSOJ157.9070-02.6599,   157.9070364,    -2.6599073,  -999.9999900,    20.5610050,    20.7790150,    20.1769960,    19.7572980	-999.9999900,     0.1362070,     0.2428630,     0.1680510,     0.1151840
            PSOJ159.2257-02.5438,   159.2257910,    -2.5438734,  -999.9999900,    20.0864350,    19.9678130,    19.7315440,    19.8401990	-999.9999900,     0.0930380,     0.1171300,     0.1153350,     0.1291680
            PSOJ167.4726+56.9521,   167.4726271,    56.9521143,  -999.9999900,  -999.9999900,    20.5941640,  -999.9999900,  -999.9999900	-999.9999900,  -999.9999900,     0.1915060,  -999.9999900,  -999.9999900
            PSOJ172.1770+26.8866,   172.1770011,    26.8866654,  -999.9999900,  -999.9999900,    20.4037380,  -999.9999900,  -999.9999900	-999.9999900,  -999.9999900,     0.1197950,  -999.9999900,  -999.9999900
            PSOJ183.1124+05.0926,   183.1124208,     5.0926361,  -999.9999900,    19.8626800,  -999.9999900,    19.5392840,    19.7434790	-999.9999900,     0.0682080,  -999.9999900,     0.0936370,     0.1225150
            PSOJ184.3389+01.5284,   184.3389334,     1.5284636,  -999.9999900,    21.0211000,  -999.9999900,    20.9578270,  -999.9999900	-999.9999900,     0.1190300,  -999.9999900,     0.2829450,  -999.9999900
            PSOJ187.1047-02.5609,   187.1047900,    -2.5609033,    20.5967640,    21.2731270,    20.8323760,    20.6839030,    20.4611430	   0.1226860,     0.1688970,     0.1338810,     0.1351970,     0.1253780
            PSOJ194.1290+25.5476,   194.1290326,    25.5476238,  -999.9999900,    20.4818200,    20.8153000,    20.7410240,    19.9217600	-999.9999900,     0.1368830,     0.2566990,     0.2460470,     0.1323210
            PSOJ197.7198+25.5351,   197.7198013,    25.5351885,  -999.9999900,    20.9820690,    20.5048870,    21.0636220,    20.4549240	-999.9999900,     0.1988920,     0.1599620,     0.3132150,     0.2087960
            PSOJ201.9222+57.5440,   201.9221762,    57.5439928,  -999.9999900,  -999.9999900,    20.5883920,  -999.9999900,  -999.9999900	-999.9999900,  -999.9999900,     0.2225780,  -999.9999900,  -999.9999900
            PSOJ210.4472+27.8263,   210.4472342,    27.8263983,  -999.9999900,    20.8520260,    20.4540420,    20.5831620,    20.2343960	-999.9999900,     0.1029290,     0.0850650,     0.1340590,     0.1181510
            PSOJ210.7277+40.4008,   210.7277720,    40.4008853,  -999.9999900,  -999.9999900,    21.0191250,  -999.9999900,  -999.9999900	-999.9999900,  -999.9999900,     0.3039540,  -999.9999900,  -999.9999900
            PSOJ210.8297+09.0474,   210.8297035,     9.0474981,  -999.9999900,    20.2913480,    20.0933100,    19.9312440,    19.8316630	-999.9999900,     0.0948500,     0.0209040,     0.0698830,     0.0811480
            PSOJ213.7329-13.4803,   213.7329225,   -13.4803543,    21.0468500,    21.0423620,    20.4612220,    20.3805900,    20.3543240	   0.0565900,     0.1981900,     0.1367610,     0.1586070,     0.1731660
            PSOJ228.6871+21.2388,   228.6871163,    21.2388264,  -999.9999900,  -999.9999900,    20.5179880,  -999.9999900,  -999.9999900	-999.9999900,  -999.9999900,     0.1932250,  -999.9999900,  -999.9999900
            PSOJ235.9450+17.0079,   235.9450668,    17.0079059,  -999.9999900,  -999.9999900,    20.0319980,  -999.9999900,  -999.9999900	-999.9999900,  -999.9999900,     0.1157520,  -999.9999900,  -999.9999900
            PSOJ236.2912+16.6088,   236.2912415,    16.6088634,  -999.9999900,  -999.9999900,    20.4240150,  -999.9999900,  -999.9999900	-999.9999900,  -999.9999900,     0.1492940,  -999.9999900,  -999.9999900
            PSOJ247.2970+24.1277,   247.2970667,    24.1277056,  -999.9999900,  -999.9999900,    20.4424800,  -999.9999900,  -999.9999900	-999.9999900,  -999.9999900,     0.1573040,  -999.9999900,  -999.9999900
            PSOJ261.0364+19.0286,   261.0364292,    19.0286444,  -999.9999900,  -999.9999900,    20.8796650,    20.3413540,    20.2305260	-999.9999900,  -999.9999900,     0.1699290,     0.3877340,     0.1556180
            PSOJ267.0021+22.7812,   267.0021100,    22.7812107,  -999.9999900,  -999.9999900, -9.999995E008,  -999.9999900,  -999.9999900	-999.9999900,  -999.9999900, -9.999995E008,  -999.9999900,  -999.9999900
            PSOJ308.0416-21.2339,   308.0416401,   -21.2339750,  -999.9999900,    20.6432230,    20.1503000,    19.8692460,    19.3634260	-999.9999900,     0.2243960,     0.1511880,     0.1578350,     0.0945730
            PSOJ323.1382+12.2986,   323.1382958,    12.2986833,  -999.9999900,  -999.9999900,    19.6291540,  -999.9999900,  -999.9999900	-999.9999900,  -999.9999900,     0.0847050,  -999.9999900,  -999.9999900
            PSOJ333.9859+26.1081,   333.9859789,    26.1081684,  -999.9999900,  -999.9999900,    20.4376660,  -999.9999900,  -999.9999900	-999.9999900,  -999.9999900,     0.1186690,  -999.9999900,  -999.9999900
            PSOJ338.2298+29.5089,   338.2297707,    29.5089760,  -999.9999900,  -999.9999900,    20.4553950,  -999.9999900,  -999.9999900	-999.9999900,  -999.9999900,     0.0987950,  -999.9999900,  -999.9999900
            PSOJ357.8289+06.4019,   357.8289911,     6.4019219,  -999.9999900,    21.6579170,    22.0676900,    22.0806800,    21.3129500	-999.9999900,     0.3378620,     0.6804670,     0.7708260,     0.4397480
